Tên điện thoại,Màn hình rộng:,Chuẩn màn hình:,Camera sau,Camera trước,Hệ điều hành:,Chip xử lý (CPU):,RAM:,Dung lượng lưu trữ:,Dung lượng pin:,SIM:,Độ phân giải:,Giá tiền,Link
iPhone 15 Pro Max,"6.7"" - Tần số quét 120 Hz",OLED,"{'Độ phân giải:': 'Chính 48 MP & Phụ 12 MP, 12 MP', 'Quay phim:': 'HD 720p@30fpsFullHD 1080p@60fpsFullHD 1080p@30fps4K 2160p@60fps4K 2160p@30fps', 'Đèn Flash:': 'Có', 'Tính năng:': 'Ảnh RawZoom quang họcZoom kỹ thuật sốXóa phôngTrôi nhanh thời gian (Time Lapse)Toàn cảnh (Panorama)Smart HDR 5                                                    Siêu độ phân giảiQuay chậm (Slow Motion)Live Photo                                                    Góc siêu rộng (Ultrawide)Góc rộng (Wide)Dolby Vision HDRDeep FusionCinematicChống rung quang học (OIS)Bộ lọc màu                                                    Ban đêm (Night Mode)'}","{'Độ phân giải:': '12 MP', 'Tính năng:': 'Smart HDR 5                                                    Xóa phôngTrôi nhanh thời gian (Time Lapse)Quay video HDQuay video Full HDQuay video 4KNhãn dán (AR Stickers)Live Photo                                                    Chụp đêmBộ lọc màu'}",iOS 17,Apple A17 Pro 6 nhân,8 GB,256 GB,4422 mAh,1 Nano SIM & 1 eSIM,Super Retina XDR (1290 x 2796 Pixels),30.990.000₫,https://www.thegioididong.com/dtdd/iphone-15-pro-max
iPhone 15 Pro,"6.1"" - Tần số quét 120 Hz",OLED,"{'Độ phân giải:': 'Chính 48 MP & Phụ 12 MP, 12 MP', 'Quay phim:': 'HD 720p@30fpsFullHD 1080p@60fpsFullHD 1080p@24fps4K 2160p@60fps4K 2160p@30fps4K 2160p@24fps', 'Đèn Flash:': 'Có', 'Tính năng:': 'Ảnh RawZoom quang họcZoom kỹ thuật sốXóa phôngTrôi nhanh thời gian (Time Lapse)Toàn cảnh (Panorama)Smart HDR 5                                                    Quay Siêu chậm (Super Slow Motion)Quay chậm (Slow Motion)Live Photo                                                    Góc siêu rộng (Ultrawide)Dolby Vision HDRDeep FusionCinematicChống rung quang học (OIS)Chế độ hành động (Action Mode)Bộ lọc màu                                                    Ban đêm (Night Mode)'}","{'Độ phân giải:': '12 MP', 'Tính năng:': 'Smart HDR 5                                                    Xóa phôngTrôi nhanh thời gian (Time Lapse)Quay video Full HDQuay video 4KNhãn dán (AR Stickers)Live Photo                                                    Chụp đêmBộ lọc màu'}",iOS 17,Apple A17 Pro 6 nhân,8 GB,128 GB,3274 mAh,1 Nano SIM & 1 eSIM,Super Retina XDR (1179 x 2556 Pixels),từ                    26.790.000₫,https://www.thegioididong.com/dtdd/iphone-15-pro
iPhone 15 Plus,"6.7"" - Tần số quét 60 Hz",OLED,"{'Độ phân giải:': 'Chính 48 MP & Phụ 12 MP', 'Quay phim:': 'HD 720p@30fpsFullHD 1080p@60fpsFullHD 1080p@30fpsFullHD 1080p@240fpsFullHD 1080p@120fps4K 2160p@60fps4K 2160p@30fps4K 2160p@24fps', 'Đèn Flash:': 'Có', 'Tính năng:': 'Zoom quang họcZoom kỹ thuật sốXóa phôngTrôi nhanh thời gian (Time Lapse)Toàn cảnh (Panorama)Smart HDR 5                                                    Siêu độ phân giảiQuay Siêu chậm (Super Slow Motion)Quay chậm (Slow Motion)Live Photo                                                    Góc siêu rộng (Ultrawide)Góc rộng (Wide)Dolby Vision HDRDeep FusionCinematicChống rung quang học (OIS)Chế độ hành động (Action Mode)Bộ lọc màu                                                    Ban đêm (Night Mode)'}","{'Độ phân giải:': '12 MP', 'Tính năng:': 'Smart HDR 5                                                    Xóa phôngTrôi nhanh thời gian (Time Lapse)Quay video HDQuay video Full HDQuay video 4KQuay chậm (Slow Motion)Nhãn dán (AR Stickers)Live Photo                                                    Cinematic                                                    Chụp đêmBộ lọc màu'}",iOS 17,Apple A16 Bionic 6 nhân,6 GB,128 GB,4383 mAh,1 Nano SIM & 1 eSIM,Super Retina XDR (1290 x 2796 Pixels),từ                    23.390.000₫,https://www.thegioididong.com/dtdd/iphone-15-plus
iPhone 15,"6.1"" - Tần số quét 60 Hz",OLED,"{'Độ phân giải:': 'Chính 48 MP & Phụ 12 MP', 'Quay phim:': 'HD 720p@30fpsFullHD 1080p@60fpsFullHD 1080p@30fpsFullHD 1080p@240fpsFullHD 1080p@120fps4K 2160p@60fps4K 2160p@30fps4K 2160p@24fps', 'Đèn Flash:': 'Có', 'Tính năng:': 'Zoom quang họcZoom kỹ thuật sốXóa phôngTrôi nhanh thời gian (Time Lapse)Toàn cảnh (Panorama)Smart HDR 5                                                    Siêu độ phân giảiQuay Siêu chậm (Super Slow Motion)Quay chậm (Slow Motion)Live Photo                                                    HDRGóc siêu rộng (Ultrawide)Góc rộng (Wide)Dolby Vision HDRDeep FusionCinematicChống rung quang học (OIS)Chế độ hành động (Action Mode)Bộ lọc màu                                                    Ban đêm (Night Mode)'}","{'Độ phân giải:': '12 MP', 'Tính năng:': 'Smart HDR 5                                                    Xóa phôngTự động lấy nét (AF)Trôi nhanh thời gian (Time Lapse)Retina FlashQuay video HDQuay video Full HDQuay video 4KQuay chậm (Slow Motion)Nhãn dán (AR Stickers)Live Photo                                                    Cinematic                                                    Chụp đêmBộ lọc màu'}",iOS 17,Apple A16 Bionic 6 nhân,6 GB,128 GB,3349 mAh,1 Nano SIM & 1 eSIM,Super Retina XDR (1179 x 2556 Pixels),từ                    20.490.000₫,https://www.thegioididong.com/dtdd/iphone-15
Samsung Galaxy S24 5G,"6.2"" - Tần số quét 120 Hz",Dynamic AMOLED 2X,"{'Độ phân giải:': 'Chính 50 MP & Phụ 12 MP, 10 MP', 'Quay phim:': 'HD 720p@30fpsFullHD 1080p@60fpsFullHD 1080p@30fpsFullHD 1080p@240fpsFullHD 1080p@120fps8K 4320p@30fps4K 2160p@60fps4K 2160p@30fps4K 2160p@120fps', 'Đèn Flash:': 'Có', 'Tính năng:': 'Ảnh RawZoom quang họcZoom kỹ thuật sốXóa phôngVideo chân dung                                                    Video chuyên nghiệp                                                    Tự động lấy nét (AF)Trôi nhanh thời gian (Time Lapse)Toàn cảnh (Panorama)Siêu độ phân giảiQuét mã QR                                                    Quay video hiển thị képQuay Siêu chậm (Super Slow Motion)Quay chậm (Slow Motion)Làm đẹpHDRGóc siêu rộng (Ultrawide)Chụp ảnh chuyển động                                                    Chụp một chạm                                                    Chụp hẹn giờ                                                    Chống rung quang học (OIS)Chống rung kỹ thuật số (VDIS)                                                    Chuyên nghiệp (Pro)Bộ lọc màu                                                    Ban đêm (Night Mode)'}","{'Độ phân giải:': '12 MP', 'Tính năng:': 'Xóa phôngVideo chân dung                                                    Video chuyên nghiệp                                                    Trôi nhanh thời gian (Time Lapse)Quay video HDQuay video Full HDQuay video 4KQuay chậm (Slow Motion)Nhãn dán (AR Stickers)Làm đẹpGóc rộng (Wide)Flash màn hìnhChụp ảnh chuyển động                                                    Chụp đêmChụp hẹn giờ                                                    Chụp bằng cử chỉChân dung đêm                                                    Chuyên nghiệp (Pro)                                                    Bộ lọc màu'}",Android 14,Exynos 2400,8 GB,256 GB,4000 mAh,2 Nano SIM hoặc 2 eSIM hoặc 1 Nano SIM + 1 eSIM,Full HD+ (1080 x 2340 Pixels),22.990.000₫,https://www.thegioididong.com/dtdd/samsung-galaxy-s24-256gb-5g
Samsung Galaxy S24+ 5G,"6.7"" - Tần số quét 120 Hz",Dynamic AMOLED 2X,"{'Độ phân giải:': 'Chính 50 MP & Phụ 12 MP, 10 MP', 'Quay phim:': 'HD 720p@30fpsFullHD 1080p@60fpsFullHD 1080p@30fpsFullHD 1080p@240fpsFullHD 1080p@120fps8K 4320p@30fps4K 2160p@60fps4K 2160p@30fps4K 2160p@120fps', 'Đèn Flash:': 'Có', 'Tính năng:': 'Ảnh RawZoom quang họcZoom kỹ thuật sốXóa phôngVideo chân dung                                                    Video chuyên nghiệp                                                    Tự động lấy nét (AF)Trôi nhanh thời gian (Time Lapse)Toàn cảnh (Panorama)Siêu độ phân giảiQuét mã QR                                                    Quay video hiển thị képQuay Siêu chậm (Super Slow Motion)Quay chậm (Slow Motion)Làm đẹpHDRGóc siêu rộng (Ultrawide)Chụp ảnh chuyển động                                                    Chụp một chạm                                                    Chụp hẹn giờ                                                    Chống rung quang học (OIS)Chống rung kỹ thuật số (VDIS)                                                    Chuyên nghiệp (Pro)Bộ lọc màu                                                    Ban đêm (Night Mode)'}","{'Độ phân giải:': '12 MP', 'Tính năng:': 'Xóa phôngVideo chân dung                                                    Video chuyên nghiệp                                                    Trôi nhanh thời gian (Time Lapse)Quay video HDQuay video Full HDQuay video 4KQuay chậm (Slow Motion)Nhãn dán (AR Stickers)Làm đẹpGóc rộng (Wide)Flash màn hìnhChụp đêmChụp một chạm                                                    Chụp hẹn giờ                                                    Chụp bằng cử chỉChân dung đêm                                                    Chuyên nghiệp (Pro)                                                    Bộ lọc màu'}",Android 14,Exynos 2400,12 GB,256 GB,4900 mAh,2 Nano SIM hoặc 2 eSIM hoặc 1 Nano SIM + 1 eSIM,2K+ (1440 x 3120 Pixels),26.990.000₫,https://www.thegioididong.com/dtdd/samsung-galaxy-s24-plus-5g
Samsung Galaxy S24 Ultra 5G,"6.8"" - Tần số quét 120 Hz",Dynamic AMOLED 2X,"{'Độ phân giải:': 'Chính 200 MP & Phụ 50 MP, 12 MP, 10 MP', 'Quay phim:': 'HD 720p@30fpsFullHD 1080p@60fpsFullHD 1080p@30fpsFullHD 1080p@240fpsFullHD 1080p@120fps8K 4320p@30fps4K 2160p@60fps4K 2160p@30fps4K 2160p@120fps', 'Đèn Flash:': 'Có', 'Tính năng:': 'Ảnh RawZoom quang họcZoom kỹ thuật sốXóa phôngVideo chân dung                                                    Video chuyên nghiệp                                                    Tự động lấy nét (AF)Trôi nhanh thời gian (Time Lapse)Toàn cảnh (Panorama)Super HDR                                                    Siêu độ phân giảiQuét mã QR                                                    Quay video hiển thị képQuay Siêu chậm (Super Slow Motion)Quay chậm (Slow Motion)Làm đẹpGóc siêu rộng (Ultrawide)Chụp ảnh chuyển động                                                    Chụp một chạm                                                    Chụp hẹn giờ                                                    Chống rung quang học (OIS)Chống rung kỹ thuật số (VDIS)                                                    Chuyên nghiệp (Pro)Bộ lọc màu                                                    Ban đêm (Night Mode)'}","{'Độ phân giải:': '12 MP', 'Tính năng:': 'Xóa phôngVideo chân dung                                                    Video chuyên nghiệp                                                    Trôi nhanh thời gian (Time Lapse)Quay video HDQuay video Full HDQuay video 4KQuay chậm (Slow Motion)Nhãn dán (AR Stickers)Làm đẹpGóc rộng (Wide)Flash màn hìnhChụp ảnh chuyển động                                                    Chụp đêmChụp một chạm                                                    Chụp hẹn giờ                                                    Chụp bằng cử chỉChân dung đêm                                                    Bộ lọc màu'}",Android 14,Snapdragon 8 Gen 3 for Galaxy,12 GB,256 GB,5000 mAh,2 Nano SIM hoặc 2 eSIM hoặc 1 Nano SIM + 1 eSIM,2K+ (1440 x 3120 Pixels),33.990.000₫,https://www.thegioididong.com/dtdd/samsung-galaxy-s24-ultra-5g
Xiaomi Redmi Note 13 Pro,"6.67"" - Tần số quét 120 Hz",AMOLED,"{'Độ phân giải:': 'Chính 200 MP & Phụ 8 MP, 2 MP', 'Quay phim:': 'HD 720p@30fpsFullHD 1080p@60fpsFullHD 1080p@30fps', 'Đèn Flash:': 'Có', 'Tính năng:': 'Xóa phôngTrôi nhanh thời gian (Time Lapse)Toàn cảnh (Panorama)Siêu độ phân giảiSiêu cận (Macro)Quay chậm (Slow Motion)Làm đẹpHDRGóc siêu rộng (Ultrawide)Chống rung quang học (OIS)Bộ lọc màu                                                    Ban đêm (Night Mode)'}","{'Độ phân giải:': '16 MP', 'Tính năng:': 'Quay video HDQuay video Full HD'}",Android 13,MediaTek Helio G99-Ultra 8 nhân,8 GB,128 GB,5000 mAh,2 Nano SIM (SIM 2 chung khe thẻ nhớ),Full HD+ (1080 x 2400 Pixels),6.790.000₫,https://www.thegioididong.com/dtdd/xiaomi-redmi-note-13-pro
OPPO Reno11 5G,"6.7"" - Tần số quét 120 Hz",AMOLED,"{'Độ phân giải:': 'Chính 50 MP & Phụ 32 MP, 8 MP', 'Quay phim:': 'HD 720p@960fpsHD 720p@60fpsHD 720p@30fpsHD 720p@240fpsFullHD 1080p@60fpsFullHD 1080p@480fpsFullHD 1080p@30fpsFullHD 1080p@120fps4K 2160p@30fps', 'Đèn Flash:': 'Có', 'Tính năng:': 'Zoom quang họcZoom kỹ thuật sốXóa phôngTrôi nhanh thời gian (Time Lapse)Toàn cảnh (Panorama)Siêu độ phân giảiQuét tài liệu                                                    Quét mã QR                                                    Quay video hiển thị képQuay chậm (Slow Motion)PixelMasterNhãn dán (AR Stickers)Làm đẹpHDRGóc siêu rộng (Ultrawide)Google LensChụp ngắt quãng                                                    Chụp hẹn giờ                                                    Chống rung quang học (OIS)Chuyên nghiệp (Pro)Bộ lọc màu                                                    Ban đêm (Night Mode)AI Camera'}","{'Độ phân giải:': '32 MP', 'Tính năng:': 'Xóa phôngTrôi nhanh thời gian (Time Lapse)Toàn cảnh (Panorama)Quay video HDQuay video Full HDQuay video 4KNhãn dán (AR Stickers)Làm đẹpHDRChụp đêmChụp hẹn giờ                                                    Chống rungBộ lọc màu'}",Android 14,MediaTek Dimensity 7050 5G 8 nhân,8 GB,256 GB,5000 mAh,2 Nano SIM,Full HD+ (1080 x 2412 Pixels),10.690.000₫,https://www.thegioididong.com/dtdd/oppo-reno11
vivo Y17s,"6.56"" - Tần số quét 90 Hz",IPS LCD,"{'Độ phân giải:': 'Chính 50 MP & Phụ 2 MP', 'Quay phim:': 'HD 720p@30fpsFullHD 1080p@30fps', 'Đèn Flash:': 'Có', 'Tính năng:': 'Zoom quang họcZoom kỹ thuật sốXóa phôngTrôi nhanh thời gian (Time Lapse)Toàn cảnh (Panorama)Siêu độ phân giảiQuét tài liệu                                                    Quay chậm (Slow Motion)Làm đẹpLive Photo                                                    HDRGoogle LensChuyên nghiệp (Pro)Bộ lọc màu                                                    Ban đêm (Night Mode)'}","{'Độ phân giải:': '8 MP', 'Tính năng:': 'Xóa phôngQuay video HDQuay video Full HDLàm đẹpLive Photo                                                    HDRChụp đêmBộ lọc màu'}",Android 13,MediaTek Helio G85 8 nhân,4 GB,64 GB,5000 mAh,2 Nano SIM,HD+ (720 x 1612 Pixels),3.390.000₫ *,https://www.thegioididong.com/dtdd/vivo-y17s-4-64
iPhone 13 128GB,"6.1"" - Tần số quét 60 Hz",OLED,"{'Độ phân giải:': '2 camera 12 MP', 'Quay phim:': 'HD 720p@30fpsFullHD 1080p@60fpsFullHD 1080p@30fpsFullHD 1080p@240fpsFullHD 1080p@120fps4K 2160p@60fps4K 2160p@30fps4K 2160p@24fps', 'Đèn Flash:': 'Có', 'Tính năng:': 'Zoom quang họcZoom kỹ thuật sốXóa phôngTự động lấy nét (AF)Trôi nhanh thời gian (Time Lapse)Toàn cảnh (Panorama)Smart HDR 4                                                    Quay chậm (Slow Motion)Nhận diện khuôn mặtGóc siêu rộng (Ultrawide)Góc rộng (Wide)Dolby Vision HDRDeep FusionCinematicChống rung quang học (OIS)Chạm lấy nétBan đêm (Night Mode)'}","{'Độ phân giải:': '12 MP', 'Tính năng:': 'Xóa phôngTự động lấy nét (AF)Smart HDR 4                                                    Quay video HDQuay video Full HDQuay video 4KNhận diện khuôn mặt'}",iOS 15,Apple A15 Bionic 6 nhân,4 GB,128 GB,3240 mAh,1 Nano SIM & 1 eSIM,Super Retina XDR (1170 x 2532 Pixels),từ                    14.990.000₫,https://www.thegioididong.com/dtdd/iphone-13
Xiaomi Redmi Note 13,"6.67"" - Tần số quét 120 Hz",AMOLED,"{'Độ phân giải:': 'Chính 108 MP & Phụ 8 MP, 2 MP', 'Quay phim:': 'HD 720p@30fpsHD 720p@120fpsFullHD 1080p@30fps', 'Đèn Flash:': 'Có', 'Tính năng:': 'Xóa phôngTrôi nhanh thời gian (Time Lapse)Toàn cảnh (Panorama)Tilt-shift                                                    Siêu độ phân giảiSiêu cận (Macro)Quét tài liệu                                                    Quay chậm (Slow Motion)Làm đẹpHDRGóc siêu rộng (Ultrawide)Google LensChụp hẹn giờ                                                    Chuyên nghiệp (Pro)Bộ lọc màu                                                    Ban đêm (Night Mode)AI Camera'}","{'Độ phân giải:': '16 MP', 'Tính năng:': 'Quay video HDQuay video Full HDLàm đẹpHDRFlash màn hìnhChụp hẹn giờ                                                    Bộ lọc màu'}",Android 13,Snapdragon 685 8 nhân,6 GB,128 GB,5000 mAh,2 Nano SIM (SIM 2 chung khe thẻ nhớ),Full HD+ (1080 x 2400 Pixels),4.590.000₫,https://www.thegioididong.com/dtdd/xiaomi-redmi-note-13-6gb-128gb
realme C55,"6.72"" - Tần số quét 90 Hz",IPS LCD,"{'Độ phân giải:': 'Chính 64 MP & Phụ 2 MP', 'Quay phim:': 'HD 720p@60fpsHD 720p@30fpsFullHD 1080p@60fpsFullHD 1080p@30fps', 'Đèn Flash:': 'Có', 'Tính năng:': 'Zoom kỹ thuật sốXóa phôngTrôi nhanh thời gian (Time Lapse)Toàn cảnh (Panorama)Siêu độ phân giảiQuay chậm (Slow Motion)Làm đẹpHDRGoogle LensChuyên nghiệp (Pro)Bộ lọc màu                                                    Ban đêm (Night Mode)AI Camera'}","{'Độ phân giải:': '8 MP', 'Tính năng:': 'Xóa phôngTrôi nhanh thời gian (Time Lapse)Toàn cảnh (Panorama)Quay video HDQuay video Full HDLàm đẹpHDRChụp đêmBộ lọc màu'}",Android 13,MediaTek Helio G88 8 nhân,6 GB,128 GB,5000 mAh,2 Nano SIM,Full HD+ (1080 x 2400 Pixels),4.990.000₫,https://www.thegioididong.com/dtdd/realme-c55
iPhone 11,"6.1"" - Tần số quét 60 Hz",IPS LCD,"{'Độ phân giải:': '2 camera 12 MP', 'Quay phim:': 'HD 720p@30fpsFullHD 1080p@60fpsFullHD 1080p@30fpsFullHD 1080p@240fpsFullHD 1080p@120fps4K 2160p@60fps4K 2160p@30fps4K 2160p@24fps', 'Đèn Flash:': '3 đèn LED 2 tông màu', 'Tính năng:': 'Zoom quang họcZoom kỹ thuật sốXóa phôngTự động lấy nét (AF)Trôi nhanh thời gian (Time Lapse)Toàn cảnh (Panorama)Quay chậm (Slow Motion)Nhận diện khuôn mặtHDRGóc siêu rộng (Ultrawide)Góc rộng (Wide)Deep FusionChống rung quang học (OIS)Chạm lấy nétBan đêm (Night Mode)'}","{'Độ phân giải:': '12 MP', 'Tính năng:': 'Xóa phôngTự động lấy nét (AF)Retina FlashQuay video HDQuay video Full HDQuay video 4KQuay chậm (Slow Motion)Nhận diện khuôn mặtNhãn dán (AR Stickers)HDR'}",iOS 15,Apple A13 Bionic 6 nhân,4 GB,64 GB,3110 mAh,1 Nano SIM & 1 eSIM,Liquid Retina (828 x 1792 Pixels),9.990.000₫,https://www.thegioididong.com/dtdd/iphone-11
vivo Y36,"6.64"" - Tần số quét 90 Hz",IPS LCD,"{'Độ phân giải:': 'Chính 50 MP & Phụ 2 MP', 'Quay phim:': 'HD 720p@60fpsHD 720p@30fpsFullHD 1080p@30fps', 'Đèn Flash:': 'Có', 'Tính năng:': 'Zoom kỹ thuật sốXóa phôngTự động lấy nét (AF)Trôi nhanh thời gian (Time Lapse)Toàn cảnh (Panorama)Siêu độ phân giảiQuay chậm (Slow Motion)Phơi sáng kép                                                    Làm đẹpLive Photo                                                    HDRChống rung điện tử kỹ thuật số (EIS)Chuyên nghiệp (Pro)Bộ lọc màu                                                    Ban đêm (Night Mode)'}","{'Độ phân giải:': '16 MP', 'Tính năng:': 'Xóa phôngQuay video HDQuay video Full HDPhơi sáng kép                                                    Làm đẹpLive Photo                                                    HDRChụp đêmBộ lọc màu'}",Android 13,Snapdragon 680 8 nhân,8 GB,128 GB,5000 mAh,2 Nano SIM,Full HD+ (1080 x 2388 Pixels),5.090.000₫,https://www.thegioididong.com/dtdd/vivo-y36-128gb?utm_flashsale=1
realme C67,"6.72"" - Tần số quét 90 Hz",IPS LCD,"{'Độ phân giải:': 'Chính 108 MP & Phụ 2 MP', 'Quay phim:': 'HD 720p@30fpsHD 720p@120fpsFullHD 1080p@30fps', 'Đèn Flash:': 'Có', 'Tính năng:': 'Zoom kỹ thuật sốXóa phôngTrôi nhanh thời gian (Time Lapse)Toàn cảnh (Panorama)Tilt-shift                                                    Siêu độ phân giảiQuét tài liệu                                                    Quay chậm (Slow Motion)Làm đẹpHDRGoogle LensChụp hẹn giờ                                                    Chống rung điện tử kỹ thuật số (EIS)Chuyên nghiệp (Pro)Bộ lọc màu                                                    Ban đêm (Night Mode)'}","{'Độ phân giải:': '8 MP', 'Tính năng:': 'Xóa phôngTrôi nhanh thời gian (Time Lapse)Toàn cảnh (Panorama)Quay video HDQuay video Full HDLàm đẹpFlash màn hìnhChụp đêmChụp hẹn giờ                                                    Chống rung điện tử kỹ thuật số (EIS)Bộ lọc màu'}",Android 14,Snapdragon 685 8 nhân,8 GB,128 GB,5000 mAh,2 Nano SIM,Full HD+ (1080 x 2400 Pixels),4.890.000₫ *,https://www.thegioididong.com/dtdd/realme-c67?utm_flashsale=1
realme 11,"6.4"" - Tần số quét 90 Hz",Super AMOLED,"{'Độ phân giải:': 'Chính 108 MP & Phụ 2 MP', 'Quay phim:': 'FullHD 1080p@30fps', 'Đèn Flash:': 'Có', 'Tính năng:': 'Xóa phôngToàn cảnh (Panorama)Siêu độ phân giảiQuay chậm (Slow Motion)Làm đẹpHDRChuyên nghiệp (Pro)Bộ lọc màu                                                    Ban đêm (Night Mode)'}","{'Độ phân giải:': '16 MP', 'Tính năng:': 'Xóa phôngToàn cảnh (Panorama)Quay video Full HDNhận diện khuôn mặtLàm đẹpHDRChụp đêmBộ lọc màu'}",Android 13,MediaTek Helio G99 8 nhân,8 GB,128 GB,5000 mAh,2 Nano SIM,Full HD+ (1080 x 2400 Pixels),5.990.000₫ *,https://www.thegioididong.com/dtdd/realme-11-128gb?utm_flashsale=1
Samsung Galaxy S23 FE 5G,"6.4"" - Tần số quét 120 Hz",Dynamic AMOLED 2X,"{'Độ phân giải:': 'Chính 50 MP & Phụ 12 MP, 8 MP', 'Quay phim:': 'HD 720p@960fpsHD 720p@30fpsFullHD 1080p@60fpsFullHD 1080p@30fpsFullHD 1080p@240fps8K 4320p@24fps4K 2160p@60fps4K 2160p@30fps', 'Đèn Flash:': 'Có', 'Tính năng:': 'Zoom quang họcZoom kỹ thuật sốXóa phôngVideo chân dung                                                    Video chuyên nghiệp                                                    Tự động lấy nét (AF)Trôi nhanh thời gian (Time Lapse)Toàn cảnh (Panorama)Siêu độ phân giảiQuét tài liệu                                                    Quét mã QR                                                    Quay video hiển thị képQuay Siêu chậm (Super Slow Motion)Quay chậm (Slow Motion)Lấy nét theo pha (PDAF)Làm đẹpHDRGóc siêu rộng (Ultrawide)Chụp ảnh chuyển động                                                    Chụp một chạm                                                    Chụp hẹn giờ                                                    Chống rung quang học (OIS)Chống rung kỹ thuật số (VDIS)                                                    Chuyên nghiệp (Pro)Bộ lọc màu                                                    Ban đêm (Night Mode)AI Camera'}","{'Độ phân giải:': '10 MP', 'Tính năng:': 'Xóa phôngVideo hiển thị kép                                                    Video chân dung                                                    Trôi nhanh thời gian (Time Lapse)Quay video HDQuay video Full HDQuay video 4KQuay chậm (Slow Motion)Làm đẹpHDRGóc rộng (Wide)Chụp ảnh chuyển động                                                    Chụp đêmChụp một chạm                                                    Chụp hẹn giờ                                                    Bộ lọc màu'}",Android 13,Exynos 2200 8 nhân,8 GB,128 GB,4500 mAh,2 Nano SIM hoặc 1 Nano SIM + 1 eSIM,Full HD+ (1080 x 2340 Pixels),13.390.000₫,https://www.thegioididong.com/dtdd/samsung-galaxy-s23-fe-5g
iPhone 12,"6.1"" - Tần số quét 60 Hz",OLED,"{'Độ phân giải:': '2 camera 12 MP', 'Quay phim:': 'HD 720p@30fpsFullHD 1080p@60fpsFullHD 1080p@30fpsFullHD 1080p@240fpsFullHD 1080p@120fps4K 2160p@60fps4K 2160p@30fps4K 2160p@24fps', 'Đèn Flash:': 'Đèn LED kép', 'Tính năng:': 'Zoom quang họcZoom kỹ thuật sốXóa phôngTự động lấy nét (AF)Trôi nhanh thời gian (Time Lapse)Toàn cảnh (Panorama)Smart HDR 3                                                    Quay chậm (Slow Motion)Nhận diện khuôn mặtGóc siêu rộng (Ultrawide)Góc rộng (Wide)Deep FusionChống rung quang học (OIS)Ban đêm (Night Mode)'}","{'Độ phân giải:': '12 MP', 'Tính năng:': 'Xóa phôngTự động lấy nét (AF)Smart HDR 3                                                    Retina FlashQuay video HDQuay video Full HDQuay video 4KQuay chậm (Slow Motion)Nhận diện khuôn mặtNhãn dán (AR Stickers)Deep Fusion'}",iOS 15,Apple A14 Bionic 6 nhân,4 GB,64 GB,2815 mAh,1 Nano SIM & 1 eSIM,Super Retina XDR (1170 x 2532 Pixels),12.090.000₫ *,https://www.thegioididong.com/dtdd/iphone-12
Samsung Galaxy A25 5G,"6.5"" - Tần số quét 120 Hz",Super AMOLED,"{'Độ phân giải:': 'Chính 50 MP & Phụ 8 MP, 2 MP', 'Quay phim:': 'HD 720p@480fpsHD 720p@240fpsFullHD 1080p@60fpsFullHD 1080p@30fpsFullHD 1080p@120fps4K 2160p@30fps', 'Đèn Flash:': 'Có', 'Tính năng:': 'Zoom kỹ thuật sốXóa phôngVideo chuyên nghiệp                                                    Tự động lấy nét (AF)Trôi nhanh thời gian (Time Lapse)Toàn cảnh (Panorama)Siêu độ phân giảiSiêu cận (Macro)Quét tài liệu                                                    Quét mã QR                                                    Quay Siêu chậm (Super Slow Motion)Quay chậm (Slow Motion)Nhãn dán (AR Stickers)Làm đẹpHDRGóc siêu rộng (Ultrawide)Chụp ảnh chuyển động                                                    Chụp một chạm                                                    Chụp hẹn giờ                                                    Chống rung quang học (OIS)Chống rung kỹ thuật số (VDIS)                                                    Chuyên nghiệp (Pro)Bộ lọc màu                                                    Ban đêm (Night Mode)'}","{'Độ phân giải:': '13 MP', 'Tính năng:': 'Xóa phôngTrôi nhanh thời gian (Time Lapse)Quay video HDQuay video Full HDNhãn dán (AR Stickers)Làm đẹpHDRGóc rộng (Wide)Flash màn hìnhChụp ảnh chuyển động                                                    Chụp đêmChụp một chạm                                                    Chụp hẹn giờ                                                    Bộ lọc màu'}",Android 14,Exynos 1280 8 nhân,8 GB,128 GB,5000 mAh,2 Nano SIM,Full HD+ (1080 x 2340 Pixels),6.690.000₫,https://www.thegioididong.com/dtdd/samsung-galaxy-a25-8gb
realme C53,"6.74"" - Tần số quét 90 Hz",IPS LCD,"{'Độ phân giải:': 'Chính 50 MP & Phụ 0.08 MP', 'Quay phim:': 'HD 720p@30fpsFullHD 1080p@30fps480p@30fps', 'Đèn Flash:': 'Có', 'Tính năng:': 'Zoom kỹ thuật sốXóa phôngTrôi nhanh thời gian (Time Lapse)Toàn cảnh (Panorama)Siêu độ phân giảiQuay chậm (Slow Motion)Làm đẹpHDRChuyên nghiệp (Pro)Bộ lọc màu                                                    Ban đêm (Night Mode)'}","{'Độ phân giải:': '8 MP', 'Tính năng:': 'Xóa phôngNhận diện khuôn mặtLàm đẹpHDRBộ lọc màu'}",Android 13,Unisoc Tiger T612,6 GB,128 GB,5000 mAh,2 Nano SIM,HD+ (720 x 1600 Pixels),3.890.000₫ *,https://www.thegioididong.com/dtdd/realme-c53?utm_flashsale=1
OPPO A18,"6.56"" - Tần số quét 90 Hz",IPS LCD,"{'Độ phân giải:': 'Chính 8 MP & Phụ 2 MP', 'Quay phim:': 'HD 720p@30fpsFullHD 1080p@30fps', 'Đèn Flash:': 'Có', 'Tính năng:': 'Zoom kỹ thuật sốXóa phôngTrôi nhanh thời gian (Time Lapse)Toàn cảnh (Panorama)Nhãn dán (AR Stickers)Làm đẹpHDRGoogle LensChụp hẹn giờ                                                    Chuyên nghiệp (Pro)Bộ lọc màu                                                    Ban đêm (Night Mode)'}","{'Độ phân giải:': '5 MP', 'Tính năng:': 'Xóa phôngTrôi nhanh thời gian (Time Lapse)Toàn cảnh (Panorama)Quay video HDQuay video Full HDNhãn dán (AR Stickers)Làm đẹp A.IHDRChụp hẹn giờ                                                    Bộ lọc màu'}",Android 13,MediaTek Helio G85 8 nhân,4 GB,64 GB,5000 mAh,2 Nano SIM,HD+ (720 x 1612 Pixels),3.190.000₫,https://www.thegioididong.com/dtdd/oppo-a18
iPhone 14 Pro Max,"6.7"" - Tần số quét 120 Hz",OLED,"{'Độ phân giải:': 'Chính 48 MP & Phụ 12 MP, 12 MP', 'Quay phim:': 'HD 720p@30fpsFullHD 1080p@60fpsFullHD 1080p@30fps4K 2160p@60fps4K 2160p@30fps4K 2160p@24fps', 'Đèn Flash:': 'Có', 'Tính năng:': 'Zoom quang họcZoom kỹ thuật sốXóa phôngTrôi nhanh thời gian (Time Lapse)Toàn cảnh (Panorama)Smart HDR 4                                                    Siêu cận (Macro)Quay chậm (Slow Motion)Live Photo                                                    Góc siêu rộng (Ultrawide)Dolby Vision HDRDeep FusionCinematicChống rung quang học (OIS)Chế độ hành động (Action Mode)Bộ lọc màu                                                    Ban đêm (Night Mode)'}","{'Độ phân giải:': '12 MP', 'Tính năng:': 'Xóa phôngTự động lấy nét (AF)Trôi nhanh thời gian (Time Lapse)Smart HDR 4                                                    Retina FlashQuay video Full HDQuay video 4KQuay chậm (Slow Motion)Live Photo                                                    Cinematic                                                    Chụp đêmBộ lọc màu'}",iOS 16,Apple A16 Bionic 6 nhân,6 GB,128 GB,4323 mAh,1 Nano SIM & 1 eSIM,Super Retina XDR (1290 x 2796 Pixels),27.390.000₫ *,https://www.thegioididong.com/dtdd/iphone-14-pro-max
OPPO A38,"6.56"" - Tần số quét 90 Hz",IPS LCD,"{'Độ phân giải:': 'Chính 50 MP & Phụ 2 MP', 'Quay phim:': 'HD 720p@30fpsFullHD 1080p@30fps', 'Đèn Flash:': 'Có', 'Tính năng:': 'Zoom kỹ thuật sốXóa phôngTự động lấy nét (AF)Trôi nhanh thời gian (Time Lapse)Toàn cảnh (Panorama)Nhãn dán (AR Stickers)Làm đẹpHiệu ứng BokehHDRGoogle LensChụp hẹn giờ                                                    Chuyên nghiệp (Pro)Bộ lọc màu                                                    Ban đêm (Night Mode)'}","{'Độ phân giải:': '5 MP', 'Tính năng:': 'Xóa phôngTrôi nhanh thời gian (Time Lapse)Toàn cảnh (Panorama)Quay video HDQuay video Full HDNhãn dán (AR Stickers)Làm đẹpHDRChụp hẹn giờ                                                    Bộ lọc màu'}",Android 13,MediaTek Helio G85 8 nhân,6 GB,128 GB,5000 mAh,2 Nano SIM,HD+ (720 x 1612 Pixels),3.890.000₫,https://www.thegioididong.com/dtdd/oppo-a38-6gb
OPPO A57 128GB,"6.56"" - Tần số quét 60 Hz",IPS LCD,"{'Độ phân giải:': 'Chính 13 MP & Phụ 2 MP', 'Quay phim:': 'HD 720p@30fpsFullHD 1080p@30fps', 'Đèn Flash:': 'Có', 'Tính năng:': 'Zoom kỹ thuật sốXóa phôngTrôi nhanh thời gian (Time Lapse)Toàn cảnh (Panorama)Nhãn dán (AR Stickers)Làm đẹpHiệu ứng BokehHDRGoogle LensChuyên nghiệp (Pro)Bộ lọc màu                                                    Ban đêm (Night Mode)'}","{'Độ phân giải:': '8 MP', 'Tính năng:': 'Xóa phôngTrôi nhanh thời gian (Time Lapse)Toàn cảnh (Panorama)Quay video HDQuay video Full HDNhãn dán (AR Stickers)Làm đẹp A.IHDRBộ lọc màu'}",Android 12,MediaTek Helio G35 8 nhân,4 GB,128 GB,5000 mAh,2 Nano SIM,HD+ (720 x 1612 Pixels),4.390.000₫,https://www.thegioididong.com/dtdd/oppo-a57-128gb?utm_flashsale=1
Samsung Galaxy A14 6GB,"6.6"" - Tần số quét 60 Hz",PLS LCD,"{'Độ phân giải:': 'Chính 50 MP & Phụ 5 MP, 2 MP', 'Quay phim:': 'HD 720p@30fpsFullHD 1080p@30fps', 'Đèn Flash:': 'Có', 'Tính năng:': 'Zoom kỹ thuật sốXóa phôngTự động lấy nét (AF)Toàn cảnh (Panorama)Siêu độ phân giảiSiêu cận (Macro)Nhãn dán (AR Stickers)Làm đẹpHDRChuyên nghiệp (Pro)Bộ lọc màu'}","{'Độ phân giải:': '13 MP', 'Tính năng:': 'Xóa phôngQuay video HDQuay video Full HDLàm đẹpGóc rộng (Wide)Chụp đêmBộ lọc màu'}",Android 13,Exynos 850 8 nhân,6 GB,128 GB,5000 mAh,2 Nano SIM,Full HD+ (1080 x 2408 Pixels),,https://www.thegioididong.com/dtdd/samsung-galaxy-a14
OPPO Reno11 Pro 5G,"6.7"" - Tần số quét 120 Hz",AMOLED,"{'Độ phân giải:': 'Chính 50 MP & Phụ 32 MP, 8 MP', 'Quay phim:': 'HD 720p@960fpsHD 720p@60fpsHD 720p@30fpsHD 720p@240fpsFullHD 1080p@60fpsFullHD 1080p@480fpsFullHD 1080p@30fpsFullHD 1080p@120fps4K 2160p@30fps', 'Đèn Flash:': 'Có', 'Tính năng:': 'Zoom kỹ thuật sốXóa phôngTrôi nhanh thời gian (Time Lapse)Toàn cảnh (Panorama)Siêu độ phân giảiQuét tài liệu                                                    Quét mã QR                                                    Quay video hiển thị képQuay chậm (Slow Motion)Nhãn dán (AR Stickers)Làm đẹpHDRGóc siêu rộng (Ultrawide)Góc rộng (Wide)Google LensChụp ngắt quãng                                                    Chụp hẹn giờ                                                    Chống rung quang học (OIS)Chuyên nghiệp (Pro)Bộ lọc màu                                                    Ban đêm (Night Mode)AI Camera'}","{'Độ phân giải:': '32 MP', 'Tính năng:': 'Xóa phôngVideo hiển thị kép                                                    Trôi nhanh thời gian (Time Lapse)Toàn cảnh (Panorama)Quay video HDQuay video Full HDQuay video 4KNhãn dán (AR Stickers)Làm đẹpHDRGóc rộng (Wide)Flash màn hìnhChụp đêmChụp hẹn giờ                                                    Chống rungBộ lọc màu'}",Android 14,MediaTek Dimensity 8200 5G 8 nhân,12 GB,512 GB,4600 mAh,2 Nano SIM,Full HD+ (1080 x 2412 Pixels),16.490.000₫,https://www.thegioididong.com/dtdd/oppo-reno11-pro
realme C30s (3GB/64GB),"6.5"" - Tần số quét 60 Hz",IPS LCD,"{'Độ phân giải:': '8 MP', 'Quay phim:': 'HD 720p@30fpsFullHD 1080p@30fps480p@30fps', 'Đèn Flash:': 'Có', 'Tính năng:': 'Zoom kỹ thuật sốXóa phôngTrôi nhanh thời gian (Time Lapse)Toàn cảnh (Panorama)Làm đẹpHDRChuyên nghiệp (Pro)Bộ lọc màu                                                    Ban đêm (Night Mode)AI Camera'}","{'Độ phân giải:': '5 MP', 'Tính năng:': 'Làm đẹpHDRBộ lọc màu'}",Android 12,Unisoc SC9863A1 8 nhân,3 GB,64 GB,5000 mAh,2 Nano SIM,HD+ (720 x 1600 Pixels),2.690.000₫,https://www.thegioididong.com/dtdd/realme-c30s-3gb-64gb
Xiaomi Redmi Note 13 Pro 5G,"6.67"" - Tần số quét 120 Hz",AMOLED,"{'Độ phân giải:': 'Chính 200 MP & Phụ 8 MP, 2 MP', 'Quay phim:': 'HD 720p@30fpsHD 720p@240fpsHD 720p@120fpsFullHD 1080p@60fpsFullHD 1080p@30fpsFullHD 1080p@120fps4K 2160p@30fps', 'Đèn Flash:': 'Có', 'Tính năng:': 'Zoom kỹ thuật sốXóa phôngXiaomi ProCut                                                    Tự động lấy nét (AF)Trôi nhanh thời gian (Time Lapse)Toàn cảnh (Panorama)Tilt-shift                                                    Siêu độ phân giảiSiêu cận (Macro)Quét tài liệu                                                    Quay chậm (Slow Motion)Phơi sángLàm đẹpHDRGóc siêu rộng (Ultrawide)Google LensChụp hẹn giờ                                                    Chống rung điện tử kỹ thuật số (EIS)Chống rung quang học (OIS)Chuyên nghiệp (Pro)Bộ lọc màu                                                    Ban đêm (Night Mode)AI Camera'}","{'Độ phân giải:': '16 MP', 'Tính năng:': 'Xóa phôngTrôi nhanh thời gian (Time Lapse)Toàn cảnh (Panorama)Quay video HDQuay video Full HDQuay chậm (Slow Motion)Làm đẹp A.IHDRFlash màn hìnhChụp đêmChụp hẹn giờ'}",Android 13,Snapdragon 7s Gen 2 8 nhân,8 GB,256 GB,5100 mAh,2 Nano SIM,1.5K (1220 x 2712 Pixels),8.990.000₫,https://www.thegioididong.com/dtdd/xiaomi-redmi-note-13-pro-5g
Samsung Galaxy A15 5G,"6.5"" - Tần số quét 90 Hz",Super AMOLED,"{'Độ phân giải:': 'Chính 50 MP & Phụ 5 MP, 2 MP', 'Quay phim:': 'HD 720p@30fpsHD 720p@120fpsFullHD 1080p@30fps', 'Đèn Flash:': 'Có', 'Tính năng:': 'Zoom kỹ thuật sốXóa phôngTự động lấy nét (AF)Trôi nhanh thời gian (Time Lapse)Toàn cảnh (Panorama)Siêu độ phân giảiSiêu cận (Macro)Quét mã QR                                                    Quay Siêu chậm (Super Slow Motion)Làm đẹpHDRGóc siêu rộng (Ultrawide)Chụp hẹn giờ                                                    Chống rung                                                    Chuyên nghiệp (Pro)Bộ lọc màu                                                    Ban đêm (Night Mode)'}","{'Độ phân giải:': '13 MP', 'Tính năng:': 'Xóa phôngQuay video HDQuay video Full HDLàm đẹpHDRGóc rộng (Wide)Flash màn hìnhChụp hẹn giờ                                                    Bộ lọc màu'}",Android 14,MediaTek Dimensity 6100+,8 GB,256 GB,5000 mAh,2 Nano SIM,Full HD+ (1080 x 2340 Pixels),5.990.000₫,https://www.thegioididong.com/dtdd/samsung-galaxy-a15-5g
OPPO Reno10 5G,"6.7"" - Tần số quét 120 Hz",AMOLED,"{'Độ phân giải:': 'Chính 64 MP & Phụ 32 MP, 8 MP', 'Quay phim:': 'HD 720p@960fpsHD 720p@60fpsHD 720p@30fpsHD 720p@240fpsFullHD 1080p@60fpsFullHD 1080p@480fpsFullHD 1080p@30fpsFullHD 1080p@120fps4K 2160p@30fps', 'Đèn Flash:': 'Có', 'Tính năng:': 'Zoom quang họcZoom kỹ thuật sốXóa phôngTrôi nhanh thời gian (Time Lapse)Toàn cảnh (Panorama)Siêu độ phân giảiQuét tài liệu                                                    Quay video hiển thị képQuay chậm (Slow Motion)Nhãn dán (AR Stickers)Lấy nét theo pha (PDAF)Làm đẹpHDRGóc siêu rộng (Ultrawide)Google LensChống rung quang học (OIS)Chuyên nghiệp (Pro)Bộ lọc màu                                                    Ban đêm (Night Mode)'}","{'Độ phân giải:': '32 MP', 'Tính năng:': 'Xóa phôngTự động lấy nét (AF)Trôi nhanh thời gian (Time Lapse)Toàn cảnh (Panorama)Quay video HDQuay video Full HDNhãn dán (AR Stickers)Làm đẹp A.IHDRChụp đêmChống rung'}",Android 13,MediaTek Dimensity 7050 5G 8 nhân,8 GB,128 GB,5000 mAh,2 Nano SIM (SIM 2 chung khe thẻ nhớ),Full HD+ (1080 x 2412 Pixels),9.290.000₫,https://www.thegioididong.com/dtdd/oppo-reno10-5g-128gb?utm_flashsale=1
Samsung Galaxy S23 Ultra 5G,"6.8"" - Tần số quét 120 Hz",Dynamic AMOLED 2X,"{'Độ phân giải:': 'Chính 200 MP & Phụ 12 MP, 10 MP, 10 MP', 'Quay phim:': 'HD 720p@960fpsFullHD 1080p@60fpsFullHD 1080p@30fpsFullHD 1080p@240fps8K 4320p@30fps4K 2160p@60fps4K 2160p@30fps', 'Đèn Flash:': 'Có', 'Tính năng:': 'Ảnh RawZoom quang họcZoom kỹ thuật sốXóa phôngTự động lấy nét (AF)Trôi nhanh thời gian (Time Lapse)Toàn cảnh (Panorama)Quay Siêu chậm (Super Slow Motion)Quay chậm (Slow Motion)Làm đẹpLive Photo                                                    HDRGóc siêu rộng (Ultrawide)Góc rộng (Wide)Chống rung quang học (OIS)Chuyên nghiệp (Pro)Bộ lọc màu                                                    Ban đêm (Night Mode)'}","{'Độ phân giải:': '12 MP', 'Tính năng:': 'Xóa phôngTrôi nhanh thời gian (Time Lapse)Quay video HDQuay video Full HDQuay video 4KNhận diện khuôn mặtNhãn dán (AR Stickers)Làm đẹpLive Photo                                                    Góc siêu rộng (Ultrawide)                                                    Chụp đêmChuyên nghiệp (Pro)                                                    Bộ lọc màu'}",Android 13,Snapdragon 8 Gen 2 for Galaxy,8 GB,256 GB,5000 mAh,2 Nano SIM hoặc 1 Nano SIM + 1 eSIM,2K+ (1440 x 3088 Pixels),24.990.000₫,https://www.thegioididong.com/dtdd/samsung-galaxy-s23-ultra
vivo Y22s,"6.55"" - Tần số quét 90 Hz",IPS LCD,"{'Độ phân giải:': 'Chính 50 MP & Phụ 2 MP', 'Quay phim:': 'HD 720p@60fpsHD 720p@30fpsFullHD 1080p@30fps', 'Đèn Flash:': 'Có', 'Tính năng:': 'Zoom kỹ thuật sốXóa phôngTrôi nhanh thời gian (Time Lapse)Toàn cảnh (Panorama)Siêu độ phân giảiQuay chậm (Slow Motion)Live Photo                                                    Ban đêm (Night Mode)'}","{'Độ phân giải:': '8 MP', 'Tính năng:': 'Xóa phôngLàm đẹpChụp đêm'}",Android 12,Snapdragon 680 8 nhân,8 GB,128 GB,5000 mAh,2 Nano SIM,HD+ (720 x 1612 Pixels),5.990.000₫,https://www.thegioididong.com/dtdd/vivo-y22s-8gb?utm_flashsale=1
OPPO Reno10 Pro 5G,"6.7"" - Tần số quét 120 Hz",AMOLED,"{'Độ phân giải:': 'Chính 50 MP & Phụ 32 MP, 8 MP', 'Quay phim:': 'HD 720p@60fpsHD 720p@30fpsFullHD 1080p@60fpsFullHD 1080p@30fps4K 2160p@30fps', 'Đèn Flash:': 'Có', 'Tính năng:': 'Zoom quang họcZoom kỹ thuật sốXóa phôngTự động lấy nét (AF)Trôi nhanh thời gian (Time Lapse)Toàn cảnh (Panorama)Quét tài liệu                                                    Quay video hiển thị képQuay chậm (Slow Motion)Nhãn dán (AR Stickers)Làm đẹpHDRGóc siêu rộng (Ultrawide)Google LensChống rung quang học (OIS)Chuyên nghiệp (Pro)Bộ lọc màu                                                    Ban đêm (Night Mode)'}","{'Độ phân giải:': '32 MP', 'Tính năng:': 'Xóa phôngTự động lấy nét (AF)Trôi nhanh thời gian (Time Lapse)Toàn cảnh (Panorama)Quay video HDQuay video Full HDNhãn dán (AR Stickers)Làm đẹpHDRGóc siêu rộng (Ultrawide)                                                    Chụp đêmBộ lọc màu'}",Android 13,Snapdragon 778G 5G 8 nhân,12 GB,256 GB,4600 mAh,2 Nano SIM,Full HD+ (1080 x 2412 Pixels),13.290.000₫,https://www.thegioididong.com/dtdd/oppo-reno10-pro
OPPO Reno10 Pro+ 5G,"6.74"" - Tần số quét 120 Hz",AMOLED,"{'Độ phân giải:': 'Chính 50 MP & Phụ 64 MP, 8 MP', 'Quay phim:': 'HD 720p@960fpsHD 720p@60fpsHD 720p@30fpsHD 720p@240fpsFullHD 1080p@60fpsFullHD 1080p@480fpsFullHD 1080p@30fpsFullHD 1080p@120fps4K 2160p@60fps4K 2160p@30fps', 'Đèn Flash:': 'Có', 'Tính năng:': 'Zoom quang họcZoom kỹ thuật sốXóa phôngTrôi nhanh thời gian (Time Lapse)Toàn cảnh (Panorama)Siêu độ phân giảiQuét tài liệu                                                    Quay video hiển thị képQuay chậm (Slow Motion)Nhãn dán (AR Stickers)Lấy nét theo pha (PDAF)Làm đẹpHDRGóc siêu rộng (Ultrawide)Google LensChụp hẹn giờ                                                    Chống rung quang học (OIS)Chuyên nghiệp (Pro)Bộ lọc màu                                                    Ban đêm (Night Mode)'}","{'Độ phân giải:': '32 MP', 'Tính năng:': 'Xóa phôngTrôi nhanh thời gian (Time Lapse)Toàn cảnh (Panorama)Quay video HDQuay video Full HDNhãn dán (AR Stickers)Làm đẹp A.ILàm đẹpHiệu ứng Bokeh                                                    HDRGóc siêu rộng (Ultrawide)                                                    Chụp đêmChụp hẹn giờ                                                    Bộ lọc màu'}",Android 13,Snapdragon 8+ Gen 1 8 nhân,12 GB,256 GB,4700 mAh,2 Nano SIM,1.5K+ (1240 x 2772 Pixels),19.290.000₫,https://www.thegioididong.com/dtdd/oppo-reno10-pro-plus
Xiaomi Redmi Note 13 Pro+ 5G,"6.67"" - Tần số quét 120 Hz",AMOLED,"{'Độ phân giải:': 'Chính 200 MP & Phụ 8 MP, 2 MP', 'Quay phim:': 'HD 720p@30fpsHD 720p@240fpsHD 720p@120fpsFullHD 1080p@60fpsFullHD 1080p@30fpsFullHD 1080p@120fps4K 2160p@30fps4K 2160p@24fps', 'Đèn Flash:': 'Đèn LED kép', 'Tính năng:': 'Xóa phôngXiaomi ProCut                                                    Trôi nhanh thời gian (Time Lapse)Toàn cảnh (Panorama)Tilt-shift                                                    Siêu độ phân giảiSiêu cận (Macro)Quét tài liệu                                                    Quay chậm (Slow Motion)Phơi sángLàm đẹpHDRGoogle LensChụp ảnh chuyển động                                                    Chụp hẹn giờ                                                    Chống rung quang học (OIS)Chuyên nghiệp (Pro)Bộ lọc màu                                                    Ban đêm (Night Mode)AI Camera'}","{'Độ phân giải:': '16 MP', 'Tính năng:': 'Xóa phôngTrôi nhanh thời gian (Time Lapse)Toàn cảnh (Panorama)Quay video HDQuay video Full HDLàm đẹpHDRFlash màn hìnhChụp ảnh chuyển động                                                    Chụp đêmChụp hẹn giờ                                                    Bộ lọc màu'}",Android 13,MediaTek Dimensity 7200 Ultra,8 GB,256 GB,5000 mAh,2 Nano SIM,1.5K (1220 x 2712 Pixels),10.490.000₫,https://www.thegioididong.com/dtdd/xiaomi-redmi-note-13-pro-plus
OPPO Reno8 T,"6.4"" - Tần số quét 90 Hz",AMOLED,"{'Độ phân giải:': 'Chính 100 MP & Phụ 2 MP, 2 MP', 'Quay phim:': 'HD 720p@30fpsFullHD 1080p@30fps', 'Đèn Flash:': 'Có', 'Tính năng:': 'Zoom kỹ thuật sốXóa phôngTrôi nhanh thời gian (Time Lapse)Toàn cảnh (Panorama)Siêu độ phân giảiSiêu cận (Macro)Quay video hiển thị képQuay chậm (Slow Motion)Nhãn dán (AR Stickers)Làm đẹpHiển vi                                                    Chuyên nghiệp (Pro)Bộ lọc màu                                                    Ban đêm (Night Mode)AI Camera'}","{'Độ phân giải:': '32 MP', 'Tính năng:': 'Xóa phôngTrôi nhanh thời gian (Time Lapse)Toàn cảnh (Panorama)Quay video HDQuay video Full HDNhãn dán (AR Stickers)Làm đẹpHDRFlash màn hìnhChụp đêmBộ lọc màu'}",Android 13,MediaTek Helio G99 8 nhân,8 GB,256 GB,5000 mAh,2 Nano SIM,Full HD+ (1080 x 2400 Pixels),7.990.000₫,https://www.thegioididong.com/dtdd/oppo-reno8-t?utm_flashsale=1
OPPO Reno8 Pro 5G,"6.7"" - Tần số quét 120 Hz",AMOLED,"{'Độ phân giải:': 'Chính 50 MP & Phụ 8 MP, 2 MP', 'Quay phim:': 'HD 720p@60fpsHD 720p@30fpsFullHD 1080p@60fpsFullHD 1080p@30fps4K 2160p@30fps', 'Đèn Flash:': 'Có', 'Tính năng:': 'Zoom kỹ thuật sốXóa phôngTự động lấy nét (AF)Trôi nhanh thời gian (Time Lapse)Toàn cảnh (Panorama)Siêu độ phân giảiSiêu cận (Macro)Quay video hiển thị képQuay chậm (Slow Motion)Nhãn dán (AR Stickers)Làm đẹpHDRGóc siêu rộng (Ultrawide)Chuyên nghiệp (Pro)Bộ lọc màu                                                    Ban đêm (Night Mode)AI Camera'}","{'Độ phân giải:': '32 MP', 'Tính năng:': 'Xóa phôngTrôi nhanh thời gian (Time Lapse)Toàn cảnh (Panorama)Quay video HDQuay video Full HDNhãn dán (AR Stickers)Làm đẹpHDRGóc siêu rộng (Ultrawide)                                                    Chụp đêmBộ lọc màu                                                    A.I Camera'}",Android 12,MediaTek Dimensity 8100 Max 8 nhân,12 GB,256 GB,4500 mAh,2 Nano SIM,Full HD+ (1080 x 2412 Pixels),18.990.000₫,https://www.thegioididong.com/dtdd/oppo-reno8-pro?utm_flashsale=1
OPPO Find N3 5G,"Chính 7.82"" & Phụ 6.31"" - Tần số quét 120 Hz",AMOLED,"{'Độ phân giải:': 'Chính 48 MP & Phụ 48 MP, 64 MP', 'Quay phim:': 'HD 720p@60fpsHD 720p@480fpsHD 720p@30fpsHD 720p@240fpsFullHD 1080p@60fpsFullHD 1080p@30fpsFullHD 1080p@240fps4K 2160p@60fps4K 2160p@30fps', 'Đèn Flash:': 'Có', 'Tính năng:': 'Ảnh RawZoom quang họcZoom kỹ thuật sốXóa phôngXPAN                                                    Trôi nhanh thời gian (Time Lapse)Toàn cảnh (Panorama)Siêu độ phân giảiSiêu cận (Macro)Quét mã QR                                                    Quay video hiển thị képQuay chậm (Slow Motion)Phơi sángNhãn dán (AR Stickers)Làm đẹpHDRGóc siêu rộng (Ultrawide)Google LensFlexCam                                                    Chụp hẹn giờ                                                    Chống rung quang học (OIS)Chuyên nghiệp (Pro)Bộ lọc màu                                                    Ban đêm (Night Mode)'}","{'Độ phân giải:': 'Trong: 20 MP & Ngoài: 32 MP', 'Tính năng:': 'Xóa phôngVideo hiển thị kép                                                    Trôi nhanh thời gian (Time Lapse)Toàn cảnh (Panorama)Quay video HDQuay video Full HDQuay video 4KNhãn dán (AR Stickers)Làm đẹpHDRFlash màn hìnhChụp đêmChụp hẹn giờ                                                    Chống rungBộ lọc màu'}",Android 13,Snapdragon 8 Gen 2 8 nhân,16 GB,512 GB,4805 mAh,2 Nano SIM hoặc 1 Nano SIM + 1 eSIM,Chính: 2K+ (2268 x 2440 Pixels) & Phụ: FHD+ (1116 x 2484 Pixels),41.990.000₫,https://www.thegioididong.com/dtdd/oppo-find-n3
Samsung Galaxy Z Fold5 5G,"Chính 7.6"" & Phụ 6.2"" - Tần số quét 120 Hz",Dynamic AMOLED 2X,"{'Độ phân giải:': 'Chính 50 MP & Phụ 12 MP, 10 MP', 'Quay phim:': 'HD 720p@30fpsFullHD 1080p@60fpsFullHD 1080p@30fps8K 4320p@30fps4K 2160p@60fps4K 2160p@30fps', 'Đèn Flash:': 'Có', 'Tính năng:': 'Zoom quang họcZoom kỹ thuật sốXóa phôngTrôi nhanh thời gian (Time Lapse)Toàn cảnh (Panorama)Quay Siêu chậm (Super Slow Motion)Quay chậm (Slow Motion)Làm đẹpHiệu ứng BokehHDRGóc siêu rộng (Ultrawide)Góc rộng (Wide)FlexCam                                                    Chống rung quang học (OIS)Chuyên nghiệp (Pro)Bộ lọc màu                                                    Ban đêm (Night Mode)'}","{'Độ phân giải:': '10 MP & 4 MP', 'Tính năng:': 'Xóa phôngTrôi nhanh thời gian (Time Lapse)Quay video Full HDQuay video 4KQuay chậm (Slow Motion)Làm đẹpGóc rộng (Wide)FlexCam                                                    Chụp đêmChuyên nghiệp (Pro)                                                    Bộ lọc màu'}",Android 13,Snapdragon 8 Gen 2 for Galaxy,12 GB,256 GB,4400 mAh,2 Nano SIM hoặc 1 Nano SIM + 1 eSIM,Chính: QXGA+ (2176 x 1812 Pixels) & Phụ: HD+ (2316 x 904 Pixels),40.990.000₫,https://www.thegioididong.com/dtdd/samsung-galaxy-z-fold5
OPPO Find N3 Flip 5G,"Chính 6.8"" & Phụ 3.26"" - Tần số quét Chính: 120 Hz & Phụ: 60 Hz",AMOLED,"{'Độ phân giải:': 'Chính 50 MP & Phụ 48 MP, 32 MP', 'Quay phim:': 'HD 720p@60fpsHD 720p@480fpsHD 720p@30fpsFullHD 1080p@60fpsFullHD 1080p@30fpsFullHD 1080p@240fps4K 2160p@30fps', 'Đèn Flash:': 'Có', 'Tính năng:': 'Ảnh RawZoom quang họcZoom kỹ thuật sốXóa phôngTự động lấy nét (AF)Trôi nhanh thời gian (Time Lapse)Toàn cảnh (Panorama)Siêu độ phân giảiQuét tài liệu                                                    Quét mã QR                                                    Quay chậm (Slow Motion)Phơi sángNhãn dán (AR Stickers)Làm đẹpHDRGóc siêu rộng (Ultrawide)Google LensChụp hẹn giờ                                                    Chống rung quang học (OIS)Chuyên nghiệp (Pro)Bộ lọc màu                                                    Ban đêm (Night Mode)'}","{'Độ phân giải:': '32 MP', 'Tính năng:': 'Xóa phôngTrôi nhanh thời gian (Time Lapse)Toàn cảnh (Panorama)Quay video HDQuay video Full HDQuay video 4KNhãn dán (AR Stickers)Làm đẹpHDRGóc rộng (Wide)Chụp đêmChống rungBộ lọc màu'}",Android 13,MediaTek Dimensity 9200 5G 8 nhân,12 GB,256 GB,4300 mAh,2 Nano SIM,Chính: FHD+ (1080 x 2520 Pixels) & Phụ: SD (382 x 720 Pixels),22.990.000₫,https://www.thegioididong.com/dtdd/oppo-find-n3-flip
iPhone 14 Plus,"6.7"" - Tần số quét 60 Hz",OLED,"{'Độ phân giải:': '2 camera 12 MP', 'Quay phim:': 'HD 720p@30fpsFullHD 1080p@60fpsFullHD 1080p@30fps4K 2160p@60fps4K 2160p@30fps4K 2160p@24fps', 'Đèn Flash:': 'Có', 'Tính năng:': 'Zoom quang họcZoom kỹ thuật sốXóa phôngTrôi nhanh thời gian (Time Lapse)Toàn cảnh (Panorama)Smart HDR 4                                                    Quay chậm (Slow Motion)Live Photo                                                    Góc siêu rộng (Ultrawide)Góc rộng (Wide)Deep FusionCinematicChống rung quang học (OIS)Chế độ hành động (Action Mode)Bộ lọc màu                                                    Ban đêm (Night Mode)'}","{'Độ phân giải:': '12 MP', 'Tính năng:': 'Xóa phôngTự động lấy nét (AF)Trôi nhanh thời gian (Time Lapse)Smart HDR 4                                                    Retina FlashQuay video Full HDQuay video 4KQuay chậm (Slow Motion)Live Photo                                                    Cinematic                                                    Chụp đêmBộ lọc màu'}",iOS 16,Apple A15 Bionic 6 nhân,6 GB,128 GB,4325 mAh,1 Nano SIM & 1 eSIM,Super Retina XDR (1284 x 2778 Pixels),20.090.000₫ *,https://www.thegioididong.com/dtdd/iphone-14-plus
iPhone 14,"6.1"" - Tần số quét 60 Hz",OLED,"{'Độ phân giải:': '2 camera 12 MP', 'Quay phim:': 'HD 720p@30fpsFullHD 1080p@60fpsFullHD 1080p@30fps4K 2160p@60fps4K 2160p@30fps4K 2160p@24fps', 'Đèn Flash:': 'Có', 'Tính năng:': 'Zoom quang họcZoom kỹ thuật sốXóa phôngTrôi nhanh thời gian (Time Lapse)Toàn cảnh (Panorama)Smart HDR 4                                                    Quay Siêu chậm (Super Slow Motion)Quay chậm (Slow Motion)Live Photo                                                    Góc siêu rộng (Ultrawide)Góc rộng (Wide)Deep FusionCinematicChống rung quang học (OIS)Chế độ hành động (Action Mode)Bộ lọc màu                                                    Ban đêm (Night Mode)'}","{'Độ phân giải:': '12 MP', 'Tính năng:': 'Xóa phôngTự động lấy nét (AF)Trôi nhanh thời gian (Time Lapse)Smart HDR 4                                                    Retina FlashQuay video Full HDQuay video 4KQuay chậm (Slow Motion)Live Photo                                                    Cinematic                                                    Chụp đêmBộ lọc màu'}",iOS 16,Apple A15 Bionic 6 nhân,6 GB,128 GB,3279 mAh,1 Nano SIM & 1 eSIM,Super Retina XDR (1170 x 2532 Pixels),từ                    17.590.000₫ *,https://www.thegioididong.com/dtdd/iphone-14
Samsung Galaxy Z Flip5 5G,"Chính 6.7"" & Phụ 3.4"" - Tần số quét Chính: 120 Hz & Phụ: 60 Hz","Chính: Dynamic AMOLED 2X, Phụ: Super AMOLED","{'Độ phân giải:': '2 camera 12 MP', 'Quay phim:': 'HD 720p@30fpsFullHD 1080p@60fpsFullHD 1080p@30fps4K 2160p@60fps4K 2160p@30fps', 'Đèn Flash:': 'Có', 'Tính năng:': 'Zoom kỹ thuật sốTrôi nhanh thời gian (Time Lapse)Toàn cảnh (Panorama)Quay Siêu chậm (Super Slow Motion)Quay chậm (Slow Motion)Làm đẹpGóc siêu rộng (Ultrawide)Góc rộng (Wide)FlexCam                                                    Chống rung quang học (OIS)Bộ lọc màu                                                    Ban đêm (Night Mode)'}","{'Độ phân giải:': '10 MP', 'Tính năng:': 'Xóa phôngTrôi nhanh thời gian (Time Lapse)Quay video HDQuay video Full HDQuay video 4KQuay chậm (Slow Motion)Góc siêu rộng (Ultrawide)                                                    Góc rộng (Wide)FlexCam                                                    Chụp đêmBộ lọc màu'}",Android 13,Snapdragon 8 Gen 2 for Galaxy,8 GB,256 GB,3700 mAh,1 Nano SIM & 1 eSIM,Chính: FHD+ (2640 x 1080 Pixels) x Phụ: HD+ (720 x 748 Pixels),21.990.000₫,https://www.thegioididong.com/dtdd/samsung-galaxy-z-flip5
OPPO Find N2 Flip 5G,"Chính 6.8"" & Phụ 3.26"" - Tần số quét 120 Hz & 60 Hz",AMOLED,"{'Độ phân giải:': 'Chính 50 MP & Phụ 8 MP', 'Quay phim:': 'HD 720p@60fpsHD 720p@30fpsFullHD 1080p@60fpsFullHD 1080p@30fps4K 2160p@30fps', 'Đèn Flash:': 'Có', 'Tính năng:': 'Zoom quang họcXóa phôngTrôi nhanh thời gian (Time Lapse)Toàn cảnh (Panorama)Siêu độ phân giảiQuay chậm (Slow Motion)Nhãn dán (AR Stickers)Làm đẹpHDRChuyên nghiệp (Pro)Bộ lọc màu                                                    Ban đêm (Night Mode)AI Camera'}","{'Độ phân giải:': '32 MP', 'Tính năng:': 'Xóa phôngTrôi nhanh thời gian (Time Lapse)Quay video HDQuay video Full HDNhãn dán (AR Stickers)Chụp đêmBộ lọc màu                                                    A.I Camera'}",Android 13,MediaTek Dimensity 9000+ 8 nhân,8 GB,256 GB,4300 mAh,2 Nano SIM,Chính: FHD+ (2520 x 1080 Pixels) & Phụ: (720 x 382 Pixels),18.990.000₫,https://www.thegioididong.com/dtdd/oppo-find-n2-flip?utm_flashsale=1
realme 11 Pro+ 5G,"6.7"" - Tần số quét 120 Hz",AMOLED,"{'Độ phân giải:': 'Chính 200 MP & Phụ 8 MP, 2 MP', 'Quay phim:': 'HD 720p@960fpsHD 720p@60fpsHD 720p@30fpsHD 720p@240fpsFullHD 1080p@60fpsFullHD 1080p@480fpsFullHD 1080p@30fpsFullHD 1080p@120fps4K 2160p@30fps', 'Đèn Flash:': 'Có', 'Tính năng:': 'Xóa phôngTrôi nhanh thời gian (Time Lapse)Toàn cảnh (Panorama)Siêu độ phân giảiSiêu trăng                                                    Siêu cận (Macro)Quay video hiển thị képQuay thiên vănQuay chậm (Slow Motion)Phơi sángLấy nét theo pha (PDAF)Làm đẹpHDRGóc siêu rộng (Ultrawide)Google LensCinematicChống rung điện tử kỹ thuật số (EIS)Chống rung quang học (OIS)Chuyên nghiệp (Pro)Bộ lọc màu                                                    Ban đêm (Night Mode)AI Camera'}","{'Độ phân giải:': '32 MP', 'Tính năng:': 'Xóa phôngToàn cảnh (Panorama)Quay video HDQuay video Full HDNhận diện khuôn mặtLàm đẹp A.IGóc rộng (Wide)Chụp đêmBộ lọc màu'}",Android 13,MediaTek Dimensity 7050 5G 8 nhân,12 GB,512 GB,5000 mAh,2 Nano SIM,Full HD+ (1080 x 2412 Pixels),13.490.000₫ *,https://www.thegioididong.com/dtdd/realme-11-pro-plus-5g
Xiaomi 13T Pro 5G,"6.67"" - Tần số quét 144 Hz",AMOLED,"{'Độ phân giải:': 'Chính 50 MP & Phụ 50 MP, 12 MP', 'Quay phim:': 'HD 720p@30fpsFullHD 1080p@60fpsFullHD 1080p@30fps8K 4320p@24fps4K 2160p@60fps4K 2160p@30fps4K 2160p@24fps', 'Đèn Flash:': 'Có', 'Tính năng:': 'Ảnh RawZoom kỹ thuật sốXiaomi ProCut                                                    Video chuyên nghiệp                                                    Tự động lấy nét (AF)Toàn cảnh (Panorama)Siêu độ phân giảiQuét tài liệu                                                    Quay chậm (Slow Motion)Phơi sángHDRGóc siêu rộng (Ultrawide)Chống rung quang học (OIS)Chuyên nghiệp (Pro)Bộ lọc màu                                                    Ban đêm (Night Mode)Xiaomi ProFocus'}","{'Độ phân giải:': '20 MP', 'Tính năng:': 'Xóa phôngTrôi nhanh thời gian (Time Lapse)Quay video HDQuay video Full HDQuay chậm (Slow Motion)Làm đẹpHDRChụp đêmChụp hẹn giờ                                                    Bộ lọc màu'}",Android 13,MediaTek Dimensity 9200+ 5G 8 nhân,12 GB,256 GB,5000 mAh,2 Nano SIM,1.5K (1220 x 2712 Pixels),14.490.000₫,https://www.thegioididong.com/dtdd/xiaomi-13t-pro?utm_flashsale=1
vivo V29 5G,"6.78"" - Tần số quét 120 Hz",AMOLED,"{'Độ phân giải:': 'Chính 50 MP & Phụ 8 MP, 2 MP', 'Quay phim:': 'HD 720p@60fpsHD 720p@30fpsFullHD 1080p@60fpsFullHD 1080p@30fps4K 2160p@30fps', 'Đèn Flash:': 'Có', 'Tính năng:': 'Zoom kỹ thuật sốXóa phôngTrôi nhanh thời gian (Time Lapse)Toàn cảnh (Panorama)Siêu độ phân giảiSiêu trăng                                                    Quét tài liệu                                                    Quay video hiển thị képQuay thiên vănQuay chậm (Slow Motion)Làm đẹpLive Photo                                                    HDRGóc siêu rộng (Ultrawide)Góc rộng (Wide)Google LensChụp sao                                                    Chống rung quang học (OIS)Chuyên nghiệp (Pro)Bộ lọc màu                                                    Ban đêm (Night Mode)'}","{'Độ phân giải:': '50 MP', 'Tính năng:': 'Xóa phôngTự động lấy nét (AF)Quay video Full HDLàm đẹpHDRGóc siêu rộng (Ultrawide)                                                    Góc rộng (Wide)Chụp đêmChụp hẹn giờ                                                    Bộ lọc màu'}",Android 13,Snapdragon 778G 5G 8 nhân,12 GB,256 GB,4600 mAh,2 Nano SIM,1.5K (1260 x 2800 Pixels),12.990.000₫,https://www.thegioididong.com/dtdd/vivo-v29-5g
Samsung Galaxy M54 5G,"6.7"" - Tần số quét 120 Hz",Super AMOLED Plus,"{'Độ phân giải:': 'Chính 108 MP & Phụ 8 MP, 2 MP', 'Quay phim:': 'HD 720p@240fpsFullHD 1080p@60fpsFullHD 1080p@30fps4K 2160p@30fps', 'Đèn Flash:': 'Có', 'Tính năng:': 'Zoom kỹ thuật sốXóa phôngTự động lấy nét (AF)Trôi nhanh thời gian (Time Lapse)Toàn cảnh (Panorama)Siêu cận (Macro)Quay Siêu chậm (Super Slow Motion)Quay chậm (Slow Motion)Hiệu ứng BokehGóc siêu rộng (Ultrawide)Góc rộng (Wide)Chống rung quang học (OIS)Chuyên nghiệp (Pro)Ban đêm (Night Mode)'}","{'Độ phân giải:': '32 MP', 'Tính năng:': 'Quay video Full HDQuay video 4KLàm đẹp'}",Android 13,Exynos 1380 8 nhân,8 GB,256 GB,6000 mAh,2 Nano SIM (SIM 2 chung khe thẻ nhớ),Full HD+ (1080 x 2400 Pixels),10.490.000₫,https://www.thegioididong.com/dtdd/samsung-galaxy-m54
vivo V25 Pro 5G,"6.56"" - Tần số quét 120 Hz",AMOLED,"{'Độ phân giải:': 'Chính 64 MP & Phụ 8 MP, 2 MP', 'Quay phim:': 'HD 720p@60fpsHD 720p@30fpsFullHD 1080p@60fpsFullHD 1080p@30fps4K 2160p@60fps4K 2160p@30fps', 'Đèn Flash:': 'Có', 'Tính năng:': 'Zoom kỹ thuật sốXóa phôngTự động lấy nét (AF)Trôi nhanh thời gian (Time Lapse)Toàn cảnh (Panorama)Siêu độ phân giảiSiêu cận (Macro)Quay video hiển thị képQuay chậm (Slow Motion)Làm đẹpHiệu ứng BokehHDRGóc siêu rộng (Ultrawide)Chống rung quang học (OIS)Chuyên nghiệp (Pro)Bộ lọc màu                                                    Ban đêm (Night Mode)AI Camera'}","{'Độ phân giải:': '32 MP', 'Tính năng:': 'Xóa phôngQuay video HDQuay video Full HDPhơi sáng kép                                                    Nhãn dán (AR Stickers)Làm đẹpLive Photo                                                    HDRChụp đêmBộ lọc màu                                                    A.I Camera'}",Android 12,MediaTek Dimensity 1300 8 nhân,8 GB,128 GB,4830 mAh,2 Nano SIM,Full HD+ (1080 x 2376 Pixels),,https://www.thegioididong.com/dtdd/vivo-v25-pro-5g?utm_flashsale=1
realme 11 Pro 5G,"6.7"" - Tần số quét 120 Hz",AMOLED,"{'Độ phân giải:': 'Chính 100 MP & Phụ 2 MP', 'Quay phim:': 'HD 720p@60fpsHD 720p@30fpsFullHD 1080p@60fpsFullHD 1080p@30fpsFullHD 1080p@120fps4K 2160p@30fps', 'Đèn Flash:': 'Có', 'Tính năng:': 'Xóa phôngTrôi nhanh thời gian (Time Lapse)Toàn cảnh (Panorama)Siêu độ phân giảiQuay video hiển thị képQuay chậm (Slow Motion)Phơi sángLấy nét theo pha (PDAF)Làm đẹpHDRGoogle LensChụp sao                                                    Chống rung điện tử kỹ thuật số (EIS)Chống rung quang học (OIS)Chân dung nhóm                                                    Chuyên nghiệp (Pro)Bộ lọc màu                                                    Ban đêm (Night Mode)AI Camera'}","{'Độ phân giải:': '16 MP', 'Tính năng:': 'Xóa phôngTrôi nhanh thời gian (Time Lapse)Toàn cảnh (Panorama)Quay video HDQuay video Full HDNhận diện khuôn mặtLàm đẹpHDRChụp đêmChống rungBộ lọc màu'}",Android 13,MediaTek Dimensity 7050 5G 8 nhân,8 GB,256 GB,5000 mAh,2 Nano SIM,Full HD+ (1080 x 2412 Pixels),10.990.000₫,https://www.thegioididong.com/dtdd/realme-11-pro?utm_flashsale=1
vivo V29e 5G 12GB,"6.67"" - Tần số quét 120 Hz",AMOLED,"{'Độ phân giải:': 'Chính 64 MP & Phụ 8 MP', 'Quay phim:': 'HD 720p@60fpsHD 720p@30fpsFullHD 1080p@60fpsFullHD 1080p@30fps', 'Đèn Flash:': 'Có', 'Tính năng:': 'Zoom kỹ thuật sốXóa phôngTự động lấy nét (AF)Trôi nhanh thời gian (Time Lapse)Toàn cảnh (Panorama)Siêu độ phân giảiSiêu trăng                                                    Quét tài liệu                                                    Quay video hiển thị képQuay chậm (Slow Motion)Phơi sáng kép                                                    Làm đẹpHDRGóc siêu rộng (Ultrawide)Google LensChụp ảnh chuyển động                                                    Chống rung quang học (OIS)Chuyên nghiệp (Pro)Bộ lọc màu                                                    Ban đêm (Night Mode)'}","{'Độ phân giải:': '50 MP', 'Tính năng:': 'Xóa phôngQuay video HDQuay video Full HDPhơi sáng kép                                                    Làm đẹpHDRFlash màn hìnhChụp ảnh chuyển động                                                    Chụp đêmBộ lọc màu'}",Android 13,Snapdragon 695 5G 8 nhân,12 GB,256 GB,4800 mAh,2 Nano SIM,Full HD+ (1080 x 2400 Pixels),9.690.000₫,https://www.thegioididong.com/dtdd/vivo-v29e-5g
Xiaomi 13T 5G,"6.67"" - Tần số quét 144 Hz",AMOLED,"{'Độ phân giải:': 'Chính 50 MP & Phụ 50 MP, 12 MP', 'Quay phim:': 'HD 720p@30fpsFullHD 1080p@30fps4K 2160p@30fps', 'Đèn Flash:': 'Có', 'Tính năng:': 'Ảnh RawZoom kỹ thuật sốXóa phôngXiaomi ProCut                                                    Video chuyên nghiệp                                                    Tự động lấy nét (AF)Trôi nhanh thời gian (Time Lapse)Toàn cảnh (Panorama)Siêu độ phân giảiQuét tài liệu                                                    Quay video ban đêm                                                    Quay chậm (Slow Motion)Phơi sángHiệu ứng BokehHDRGóc siêu rộng (Ultrawide)Google LensChụp hẹn giờ                                                    Chống rung quang học (OIS)Chuyên nghiệp (Pro)Bộ lọc màu                                                    Ban đêm (Night Mode)AI CameraXiaomi ProFocus'}","{'Độ phân giải:': '20 MP', 'Tính năng:': 'Xóa phôngTrôi nhanh thời gian (Time Lapse)Toàn cảnh (Panorama)Quay video HDQuay video Full HDQuay video ban đêm                                                    Quay chậm (Slow Motion)Làm đẹpHiệu ứng Bokeh                                                    HDRFlash màn hìnhChụp đêmChụp hẹn giờ'}",Android 13,MediaTek Dimensity 8200-Ultra,12 GB,256 GB,5000 mAh,2 Nano SIM,1.5K (1220 x 2712 Pixels),11.490.000₫,https://www.thegioididong.com/dtdd/xiaomi-13t-12gb
vivo V27e,"6.62"" - Tần số quét 120 Hz",AMOLED,"{'Độ phân giải:': 'Chính 64 MP & Phụ 2 MP, 2 MP', 'Quay phim:': 'HD 720p@60fpsHD 720p@30fpsFullHD 1080p@60fpsFullHD 1080p@30fps', 'Đèn Flash:': 'Có', 'Tính năng:': 'Xóa phôngTự động lấy nét (AF)Trôi nhanh thời gian (Time Lapse)Toàn cảnh (Panorama)Siêu độ phân giảiSiêu cận (Macro)Quay video hiển thị képQuay chậm (Slow Motion)Phơi sáng kép                                                    Làm đẹpLive Photo                                                    HDRChống rung quang học (OIS)Chuyên nghiệp (Pro)Bộ lọc màu                                                    Ban đêm (Night Mode)'}","{'Độ phân giải:': '32 MP', 'Tính năng:': 'Xóa phôngQuay video HDQuay video Full HDPhơi sáng kép                                                    Live Photo                                                    HDRChụp đêmBộ lọc màu'}",Android 13,MediaTek Helio G99 8 nhân,8 GB,256 GB,4600 mAh,2 Nano SIM,Full HD+ (1080 x 2400 Pixels),8.990.000₫,https://www.thegioididong.com/dtdd/vivo-v27e
OPPO A98 5G,"6.72"" - Tần số quét 120 Hz",LTPS LCD,"{'Độ phân giải:': 'Chính 64 MP & Phụ 2 MP, 2 MP', 'Quay phim:': 'HD 720p@30fpsHD 720p@120fpsFullHD 1080p@30fps', 'Đèn Flash:': 'Có', 'Tính năng:': 'Zoom kỹ thuật sốXóa phôngTrôi nhanh thời gian (Time Lapse)Toàn cảnh (Panorama)Siêu độ phân giảiSiêu cận (Macro)Quay video hiển thị képQuay chậm (Slow Motion)Nhãn dán (AR Stickers)Làm đẹpHiển vi                                                    HDRGoogle LensChuyên nghiệp (Pro)Bộ lọc màu                                                    Ban đêm (Night Mode)'}","{'Độ phân giải:': '32 MP', 'Tính năng:': 'Xóa phôngTrôi nhanh thời gian (Time Lapse)Toàn cảnh (Panorama)Quay video HDQuay video Full HDNhãn dán (AR Stickers)Làm đẹpChụp đêm'}",Android 13,Snapdragon 695 5G 8 nhân,8 GB,256 GB,5000 mAh,2 Nano SIM (SIM 2 chung khe thẻ nhớ),Full HD+ (1080 x 2400 Pixels),8.290.000₫,https://www.thegioididong.com/dtdd/oppo-a98-5g
Samsung Galaxy A54 5G,"6.4"" - Tần số quét 120 Hz",Super AMOLED,"{'Độ phân giải:': 'Chính 50 MP & Phụ 12 MP, 5 MP', 'Quay phim:': 'HD 720p@60fpsHD 720p@30fpsFullHD 1080p@60fpsFullHD 1080p@30fps4K 2160p@30fps', 'Đèn Flash:': 'Có', 'Tính năng:': 'Zoom quang họcXóa phôngTự động lấy nét (AF)Trôi nhanh thời gian (Time Lapse)Toàn cảnh (Panorama)Siêu cận (Macro)Quay Siêu chậm (Super Slow Motion)Quay chậm (Slow Motion)Làm đẹpHDRGóc siêu rộng (Ultrawide)Góc rộng (Wide)Chống rung quang học (OIS)Bộ lọc màu                                                    Ban đêm (Night Mode)AI Camera'}","{'Độ phân giải:': '32 MP', 'Tính năng:': 'Xóa phôngTrôi nhanh thời gian (Time Lapse)Quay video HDQuay video Full HDQuay video 4KQuay chậm (Slow Motion)Làm đẹpGóc siêu rộng (Ultrawide)                                                    Góc rộng (Wide)Chụp đêmBộ lọc màu'}",Android 13,Exynos 1380 8 nhân,8 GB,128 GB,5000 mAh,2 Nano SIM,Full HD+ (1080 x 2340 Pixels),9.290.000₫,https://www.thegioididong.com/dtdd/samsung-galaxy-a54-5g-128gb
OPPO Reno8 T 5G,"6.7"" - Tần số quét 120 Hz",AMOLED,"{'Độ phân giải:': 'Chính 108 MP & Phụ 2 MP, 2 MP', 'Quay phim:': 'HD 720p@30fpsFullHD 1080p@30fps', 'Đèn Flash:': 'Có', 'Tính năng:': 'Zoom kỹ thuật sốXóa phôngTrôi nhanh thời gian (Time Lapse)Toàn cảnh (Panorama)Siêu độ phân giảiQuay video hiển thị képQuay chậm (Slow Motion)Nhãn dán (AR Stickers)Làm đẹpHiển vi                                                    HDRGoogle LensChuyên nghiệp (Pro)Bộ lọc màu                                                    Ban đêm (Night Mode)AI Camera'}","{'Độ phân giải:': '32 MP', 'Tính năng:': 'Xóa phôngTrôi nhanh thời gian (Time Lapse)Toàn cảnh (Panorama)Quay video HDQuay video Full HDNhãn dán (AR Stickers)Làm đẹpHDRChụp đêmBộ lọc màu'}",Android 13,Snapdragon 695 5G 8 nhân,8 GB,128 GB,4800 mAh,2 Nano SIM (SIM 2 chung khe thẻ nhớ),Full HD+ (1080 x 2412 Pixels),8.990.000₫,https://www.thegioididong.com/dtdd/oppo-reno8-t-5g?utm_flashsale=1
Samsung Galaxy M34 5G,"6.5"" - Tần số quét 120 Hz",Super AMOLED,"{'Độ phân giải:': 'Chính 50 MP & Phụ 8 MP, 2 MP', 'Quay phim:': 'HD 720p@240fpsFullHD 1080p@60fpsFullHD 1080p@30fps4K 2160p@30fps', 'Đèn Flash:': 'Có', 'Tính năng:': 'Zoom kỹ thuật sốXóa phôngVideo chuyên nghiệp                                                    Trôi nhanh thời gian (Time Lapse)Toàn cảnh (Panorama)Siêu độ phân giảiSiêu cận (Macro)Quét tài liệu                                                    Quét mã QR                                                    Quay Siêu chậm (Super Slow Motion)Quay chậm (Slow Motion)Lấy nét theo pha (PDAF)Làm đẹpHDRGóc siêu rộng (Ultrawide)Chụp hẹn giờ                                                    Chống rung quang học (OIS)Chuyên nghiệp (Pro)Bộ lọc màu                                                    Ban đêm (Night Mode)'}","{'Độ phân giải:': '13 MP', 'Tính năng:': 'Xóa phôngQuay video HDQuay video Full HDLàm đẹpGóc rộng (Wide)Flash màn hìnhChụp hẹn giờ                                                    Bộ lọc màu'}",Android 13,Exynos 1280 8 nhân,8 GB,128 GB,6000 mAh,2 Nano SIM (SIM 2 chung khe thẻ nhớ),Full HD+ (1080 x 2340 Pixels),7.490.000₫,https://www.thegioididong.com/dtdd/samsung-galaxy-m34-5g
OPPO A79 5G,"6.72"" - Tần số quét 90 Hz",LTPS LCD,"{'Độ phân giải:': 'Chính 50 MP & Phụ 2 MP', 'Quay phim:': 'HD 720p@30fpsFullHD 1080p@30fps', 'Đèn Flash:': 'Có', 'Tính năng:': 'Xóa phôngTự động lấy nét (AF)Trôi nhanh thời gian (Time Lapse)Toàn cảnh (Panorama)Siêu độ phân giảiQuét tài liệu                                                    Quét mã QR                                                    Quay chậm (Slow Motion)Nhãn dán (AR Stickers)Làm đẹpHDRGoogle LensChụp hẹn giờ                                                    Chuyên nghiệp (Pro)Bộ lọc màu                                                    Ban đêm (Night Mode)AI Camera'}","{'Độ phân giải:': '8 MP', 'Tính năng:': 'Xóa phôngTrôi nhanh thời gian (Time Lapse)Toàn cảnh (Panorama)Quay video HDQuay video Full HDNhãn dán (AR Stickers)Làm đẹpHDRChụp đêmChụp hẹn giờ                                                    Bộ lọc màu'}",Android 13,MediaTek Dimensity 6020 5G 8 nhân,8 GB,256 GB,5000 mAh,2 Nano SIM,Full HD+ (1080 x 2400 Pixels),7.290.000₫,https://www.thegioididong.com/dtdd/oppo-a79-5g
Samsung Galaxy A34 5G,"6.6"" - Tần số quét 120 Hz",Super AMOLED,"{'Độ phân giải:': 'Chính 48 MP & Phụ 8 MP, 5 MP', 'Quay phim:': 'HD 720p@60fpsHD 720p@30fpsFullHD 1080p@60fpsFullHD 1080p@30fps4K 2160p@30fps', 'Đèn Flash:': 'Có', 'Tính năng:': 'Zoom quang họcTự động lấy nét (AF)Trôi nhanh thời gian (Time Lapse)Toàn cảnh (Panorama)Siêu cận (Macro)Quay Siêu chậm (Super Slow Motion)Quay chậm (Slow Motion)Làm đẹpGóc siêu rộng (Ultrawide)Góc rộng (Wide)Chống rung quang học (OIS)Chuyên nghiệp (Pro)Bộ lọc màu                                                    Ban đêm (Night Mode)AI Camera'}","{'Độ phân giải:': '13 MP', 'Tính năng:': 'Xóa phôngQuay video HDQuay video Full HDQuay video 4KLàm đẹpGóc siêu rộng (Ultrawide)                                                    Góc rộng (Wide)Chụp đêmBộ lọc màu'}",Android 13,MediaTek Dimensity 1080 8 nhân,8 GB,128 GB,5000 mAh,2 Nano SIM,Full HD+ (1080 x 2340 Pixels),7.490.000₫,https://www.thegioididong.com/dtdd/samsung-galaxy-a34-5g-128gb
OPPO A78,"6.43"" - Tần số quét 90 Hz",AMOLED,"{'Độ phân giải:': 'Chính 50 MP & Phụ 2 MP', 'Quay phim:': 'HD 720p@30fpsHD 720p@120fpsFullHD 1080p@30fps', 'Đèn Flash:': 'Có', 'Tính năng:': 'Zoom kỹ thuật sốXóa phôngTự động lấy nét (AF)Trôi nhanh thời gian (Time Lapse)Toàn cảnh (Panorama)Quét tài liệu                                                    Quay video hiển thị képQuay chậm (Slow Motion)Nhãn dán (AR Stickers)Làm đẹpHDRGoogle LensChuyên nghiệp (Pro)Bộ lọc màu                                                    Ban đêm (Night Mode)'}","{'Độ phân giải:': '8 MP', 'Tính năng:': 'Xóa phôngTrôi nhanh thời gian (Time Lapse)Toàn cảnh (Panorama)Nhãn dán (AR Stickers)Làm đẹp A.IHDRChụp đêmBộ lọc màu'}",Android 13,Snapdragon 680 8 nhân,8 GB,256 GB,5000 mAh,2 Nano SIM,Full HD+ (1080 x 2400 Pixels),6.690.000₫,https://www.thegioididong.com/dtdd/oppo-a78
realme 10,"6.4"" - Tần số quét 90 Hz",Super AMOLED,"{'Độ phân giải:': 'Chính 50 MP & Phụ 2 MP', 'Quay phim:': 'HD 720p@60fpsHD 720p@30fpsFullHD 1080p@60fpsFullHD 1080p@30fps', 'Đèn Flash:': 'Có', 'Tính năng:': 'Zoom kỹ thuật sốXóa phôngTrôi nhanh thời gian (Time Lapse)Toàn cảnh (Panorama)Siêu độ phân giảiQuay video hiển thị képQuay chậm (Slow Motion)Làm đẹpHiệu ứng BokehHDRGoogle LensChụp bằng cử chỉChuyên nghiệp (Pro)Bộ lọc màu                                                    Ban đêm (Night Mode)AI Camera'}","{'Độ phân giải:': '16 MP', 'Tính năng:': 'Xóa phôngTrôi nhanh thời gian (Time Lapse)Quay video HDQuay video Full HDNhận diện khuôn mặtLàm đẹpHDRChụp đêmChụp bằng cử chỉBộ lọc màu'}",Android 12,MediaTek Helio G99 8 nhân,8 GB,256 GB,5000 mAh,2 Nano SIM,Full HD+ (1080 x 2400 Pixels),5.390.000₫ *,https://www.thegioididong.com/dtdd/realme-10
Xiaomi Redmi Note 12 Pro 128GB,"6.67"" - Tần số quét 120 Hz",AMOLED,"{'Độ phân giải:': 'Chính 108 MP & Phụ 8 MP, 2 MP, 2 MP', 'Quay phim:': 'HD 720p@30fpsFullHD 1080p@60fpsFullHD 1080p@30fps4K 2160p@30fps', 'Đèn Flash:': 'Có', 'Tính năng:': 'Xóa phôngXiaomi ProCut                                                    Trôi nhanh thời gian (Time Lapse)Toàn cảnh (Panorama)Siêu độ phân giảiSiêu cận (Macro)Quay chậm (Slow Motion)Phơi sángLàm đẹpHDRGóc siêu rộng (Ultrawide)Góc rộng (Wide)Google LensChuyên nghiệp (Pro)Bộ lọc màu                                                    Ban đêm (Night Mode)AI Camera'}","{'Độ phân giải:': '16 MP', 'Tính năng:': 'Xóa phôngQuay video HDQuay video Full HDLàm đẹpHDRBộ lọc màu'}",Android 11,Snapdragon 732G 8 nhân,8 GB,128 GB,5000 mAh,2 Nano SIM (SIM 2 chung khe thẻ nhớ),Full HD+ (1080 x 2400 Pixels),5.390.000₫,https://www.thegioididong.com/dtdd/xiaomi-redmi-note-12-pro-4g?utm_flashsale=1
Samsung Galaxy A15,"6.5"" - Tần số quét 90 Hz",Super AMOLED,"{'Độ phân giải:': 'Chính 50 MP & Phụ 5 MP, 2 MP', 'Quay phim:': 'HD 720p@30fpsHD 720p@120fpsFullHD 1080p@30fps', 'Đèn Flash:': 'Có', 'Tính năng:': 'Xóa phôngTự động lấy nét (AF)Toàn cảnh (Panorama)Siêu cận (Macro)Quét mã QR                                                    Quay chậm (Slow Motion)Nhãn dán (AR Stickers)Làm đẹpHDRGóc siêu rộng (Ultrawide)Chụp hẹn giờ                                                    Chuyên nghiệp (Pro)Bộ lọc màu                                                    Ban đêm (Night Mode)'}","{'Độ phân giải:': '13 MP', 'Tính năng:': 'Xóa phôngQuay video HDQuay video Full HDNhãn dán (AR Stickers)Làm đẹpGóc rộng (Wide)Flash màn hìnhChụp đêmChụp hẹn giờ                                                    Bộ lọc màu'}",Android 14,MediaTek Helio G99 8 nhân,8 GB,128 GB,5000 mAh,2 Nano SIM,Full HD+ (1080 x 2340 Pixels),4.790.000₫,https://www.thegioididong.com/dtdd/samsung-galaxy-a15
OPPO A58,"6.72"" - Tần số quét 60 Hz",LTPS LCD,"{'Độ phân giải:': 'Chính 50 MP & Phụ 2 MP', 'Quay phim:': 'HD 720p@30fpsFullHD 1080p@30fps', 'Đèn Flash:': 'Có', 'Tính năng:': 'Xóa phôngTự động lấy nét (AF)Trôi nhanh thời gian (Time Lapse)Toàn cảnh (Panorama)Nhãn dán (AR Stickers)Làm đẹpHiệu ứng BokehChuyên nghiệp (Pro)Ban đêm (Night Mode)'}","{'Độ phân giải:': '8 MP', 'Tính năng:': 'Xóa phôngTrôi nhanh thời gian (Time Lapse)Toàn cảnh (Panorama)Quay video HDQuay video Full HDNhãn dán (AR Stickers)Làm đẹp A.I'}",Android 13,MediaTek Helio G85 8 nhân,8 GB,128 GB,5000 mAh,2 Nano SIM,Full HD+ (1080 x 2412 Pixels),5.090.000₫,https://www.thegioididong.com/dtdd/oppo-a58-4g
vivo Y35,"6.58"" - Tần số quét 90 Hz",IPS LCD,"{'Độ phân giải:': 'Chính 50 MP & Phụ 2 MP, 2 MP', 'Quay phim:': 'HD 720p@60fpsHD 720p@30fpsFullHD 1080p@30fps', 'Đèn Flash:': 'Đèn LED kép', 'Tính năng:': 'Zoom kỹ thuật sốXóa phôngTrôi nhanh thời gian (Time Lapse)Toàn cảnh (Panorama)Siêu độ phân giảiSiêu cận (Macro)Quay chậm (Slow Motion)Phơi sáng kép                                                    Live Photo                                                    Hiệu ứng BokehHDRChụp bằng giọng nóiChụp bằng cử chỉChống rung điện tử kỹ thuật số (EIS)Chuyên nghiệp (Pro)Bộ lọc màu                                                    AI Camera'}","{'Độ phân giải:': '16 MP', 'Tính năng:': 'Xóa phôngQuay video HDQuay video Full HDPhơi sáng kép                                                    Làm đẹpLive Photo                                                    HDRChụp bằng cử chỉBộ lọc màu                                                    A.I Camera'}",Android 12,Snapdragon 680 8 nhân,8 GB,128 GB,5000 mAh,2 Nano SIM,Full HD+ (1080 x 2408 Pixels),6.990.000₫,https://www.thegioididong.com/dtdd/vivo-y35-2022?utm_flashsale=1
OPPO A77s,"6.56"" - Tần số quét 90 Hz",IPS LCD,"{'Độ phân giải:': 'Chính 50 MP & Phụ 2 MP', 'Quay phim:': 'HD 720p@30fpsFullHD 1080p@30fps', 'Đèn Flash:': 'Có', 'Tính năng:': 'Điều chỉnh khẩu độZoom kỹ thuật sốXóa phôngTrôi nhanh thời gian (Time Lapse)Toàn cảnh (Panorama)Siêu độ phân giảiQuay chậm (Slow Motion)Nhãn dán (AR Stickers)Làm đẹpHDRGoogle LensChụp bằng cử chỉChuyên nghiệp (Pro)Bộ lọc màu                                                    Ban đêm (Night Mode)AI Camera'}","{'Độ phân giải:': '8 MP', 'Tính năng:': 'Xóa phôngTrôi nhanh thời gian (Time Lapse)Toàn cảnh (Panorama)Quay video HDQuay video Full HDNhãn dán (AR Stickers)Làm đẹpHDRChụp đêmChụp bằng cử chỉBộ lọc màu'}",Android 12,Snapdragon 680 8 nhân,8 GB,128 GB,5000 mAh,2 Nano SIM,HD+ (720 x 1612 Pixels),5.590.000₫,https://www.thegioididong.com/dtdd/oppo-a77s
Samsung Galaxy A24,"6.5"" - Tần số quét 90 Hz",Super AMOLED,"{'Độ phân giải:': 'Chính 50 MP & Phụ 5 MP, 2 MP', 'Quay phim:': 'FullHD 1080p@60fpsFullHD 1080p@30fps', 'Đèn Flash:': 'Có', 'Tính năng:': 'Zoom quang họcTự động lấy nét (AF)Trôi nhanh thời gian (Time Lapse)Siêu cận (Macro)Làm đẹpHDRGóc siêu rộng (Ultrawide)Chống rung quang học (OIS)AI Camera'}","{'Độ phân giải:': '13 MP', 'Tính năng:': 'Làm đẹpGóc rộng (Wide)'}",Android 13,MediaTek Helio G99 8 nhân,8 GB,128 GB,5000 mAh,2 Nano SIM,Full HD+ (1080 x 2340 Pixels),4.990.000₫,https://www.thegioididong.com/dtdd/samsung-galaxy-a24-8gb
Samsung Galaxy A05s,"6.7"" - Tần số quét 90 Hz",PLS LCD,"{'Độ phân giải:': 'Chính 50 MP & Phụ 2 MP, 2 MP', 'Quay phim:': 'HD 720p@120fpsFullHD 1080p@60fpsFullHD 1080p@30fps', 'Đèn Flash:': 'Có', 'Tính năng:': 'Zoom quang họcZoom kỹ thuật sốXóa phôngTự động lấy nét (AF)Trôi nhanh thời gian (Time Lapse)Toàn cảnh (Panorama)Siêu cận (Macro)Quay chậm (Slow Motion)Làm đẹpHDRChụp hẹn giờ                                                    Chuyên nghiệp (Pro)Bộ lọc màu                                                    Ban đêm (Night Mode)'}","{'Độ phân giải:': '13 MP', 'Tính năng:': 'Xóa phôngTrôi nhanh thời gian (Time Lapse)Quay video HDQuay video Full HDLàm đẹpHDRGóc siêu rộng (Ultrawide)                                                    Góc rộng (Wide)Chụp đêmChụp hẹn giờ                                                    Bộ lọc màu'}",Android 13,Snapdragon 680 8 nhân,6 GB,128 GB,5000 mAh,2 Nano SIM,Full HD+ (1080 x 2400 Pixels),4.190.000₫,https://www.thegioididong.com/dtdd/samsung-galaxy-a05s-6gb
Samsung Galaxy A14 5G,"6.6"" - Tần số quét 90 Hz",PLS LCD,"{'Độ phân giải:': 'Chính 50 MP & Phụ 2 MP, 2 MP', 'Quay phim:': 'HD 720p@30fpsFullHD 1080p@30fps', 'Đèn Flash:': 'Có', 'Tính năng:': 'Xóa phôngToàn cảnh (Panorama)Siêu độ phân giảiSiêu cận (Macro)Quay chậm (Slow Motion)Nhãn dán (AR Stickers)Làm đẹpHDRChuyên nghiệp (Pro)Bộ lọc màu                                                    Ban đêm (Night Mode)'}","{'Độ phân giải:': '13 MP', 'Tính năng:': 'Xóa phôngTrôi nhanh thời gian (Time Lapse)Quay video HDQuay video Full HDLàm đẹpGóc rộng (Wide)Chụp đêmBộ lọc màu'}",Android 13,MediaTek Dimensity 700 5G 8 nhân,4 GB,128 GB,5000 mAh,2 Nano SIM,Full HD+ (1080 x 2408 Pixels),3.790.000₫,https://www.thegioididong.com/dtdd/samsung-galaxy-a14-5g
Xiaomi Redmi 12,"6.79"" - Tần số quét 90 Hz",IPS LCD,"{'Độ phân giải:': 'Chính 50 MP & Phụ 8 MP, 2 MP', 'Quay phim:': 'HD 720p@30fpsFullHD 1080p@30fps', 'Đèn Flash:': 'Có', 'Tính năng:': 'Zoom kỹ thuật sốXóa phôngTrôi nhanh thời gian (Time Lapse)Siêu độ phân giảiSiêu cận (Macro)Làm đẹpHDRGóc siêu rộng (Ultrawide)Google LensChuyên nghiệp (Pro)Bộ lọc màu                                                    Ban đêm (Night Mode)'}","{'Độ phân giải:': '8 MP', 'Tính năng:': 'Xóa phôngTrôi nhanh thời gian (Time Lapse)Quay video HDQuay video Full HDLàm đẹpBộ lọc màu'}",Android 13,MediaTek Helio G88 8 nhân,8 GB,128 GB,5000 mAh,2 Nano SIM (SIM 2 chung khe thẻ nhớ),Full HD+ (1080 x 2460 Pixels),3.790.000₫,https://www.thegioididong.com/dtdd/xiaomi-redmi-12?utm_flashsale=1
Samsung Galaxy A05,"6.7"" - Tần số quét 60 Hz",PLS LCD,"{'Độ phân giải:': 'Chính 50 MP & Phụ 2 MP', 'Quay phim:': 'HD 720p@120fpsFullHD 1080p@60fpsFullHD 1080p@30fps', 'Đèn Flash:': 'Có', 'Tính năng:': 'Xóa phôngTự động lấy nét (AF)Trôi nhanh thời gian (Time Lapse)Toàn cảnh (Panorama)Quay chậm (Slow Motion)Làm đẹpChụp hẹn giờ                                                    Chuyên nghiệp (Pro)Bộ lọc màu                                                    Ban đêm (Night Mode)'}","{'Độ phân giải:': '8 MP', 'Tính năng:': 'Làm đẹpBộ lọc màu'}",Android 13,MediaTek Helio G85 8 nhân,4 GB,128 GB,5000 mAh,2 Nano SIM,HD+ (720 x 1600 Pixels),3.090.000₫,https://www.thegioididong.com/dtdd/samsung-galaxy-a05-4gb
OPPO A17,"6.56"" - Tần số quét 60 Hz",IPS LCD,"{'Độ phân giải:': 'Chính 50 MP & Phụ 0.3 MP', 'Quay phim:': 'HD 720p@30fpsFullHD 1080p@30fps', 'Đèn Flash:': 'Có', 'Tính năng:': 'Zoom kỹ thuật sốTrôi nhanh thời gian (Time Lapse)Toàn cảnh (Panorama)Nhãn dán (AR Stickers)Làm đẹpHDRGoogle LensChụp bằng cử chỉChuyên nghiệp (Pro)Bộ lọc màu                                                    Ban đêm (Night Mode)AI Camera'}","{'Độ phân giải:': '5 MP', 'Tính năng:': 'Xóa phôngTrôi nhanh thời gian (Time Lapse)Toàn cảnh (Panorama)Quay video HDQuay video Full HDNhãn dán (AR Stickers)Làm đẹpHDRBộ lọc màu'}",Android 12,MediaTek Helio G35 8 nhân,4 GB,64 GB,5000 mAh,2 Nano SIM,HD+ (720 x 1612 Pixels),3.490.000₫,https://www.thegioididong.com/dtdd/oppo-a17?utm_flashsale=1
realme C51,"6.74"" - Tần số quét 90 Hz",IPS LCD,"{'Độ phân giải:': 'Chính 50 MP & Phụ 0.3 MP', 'Quay phim:': 'HD 720p@30fpsFullHD 1080p@30fps480p@30fps', 'Đèn Flash:': 'Có', 'Tính năng:': 'Xóa phôngTrôi nhanh thời gian (Time Lapse)Toàn cảnh (Panorama)Siêu độ phân giảiQuay chậm (Slow Motion)Làm đẹpHDRGoogle LensChuyên nghiệp (Pro)Bộ lọc màu                                                    Ban đêm (Night Mode)'}","{'Độ phân giải:': '5 MP', 'Tính năng:': 'Xóa phôngQuay video HDQuay video CIF                                                    Nhận diện khuôn mặtLàm đẹpHiệu ứng Bokeh                                                    HDRChụp bằng cử chỉBộ lọc màu'}",Android 13,Unisoc Tiger T612,4 GB,64 GB,5000 mAh,2 Nano SIM,HD+ (720 x 1600 Pixels),2.990.000₫ *,https://www.thegioididong.com/dtdd/realme-c51
Xiaomi Redmi 13C,"6.74"" - Tần số quét 90 Hz",IPS LCD,"{'Độ phân giải:': 'Chính 50 MP & Phụ 2 MP', 'Quay phim:': 'HD 720p@30fpsFullHD 1080p@30fps', 'Đèn Flash:': 'Có', 'Tính năng:': 'Zoom kỹ thuật sốXóa phôngTự động lấy nét (AF)Trôi nhanh thời gian (Time Lapse)Siêu độ phân giảiSiêu cận (Macro)Làm đẹpHDRGoogle LensChụp hẹn giờ                                                    Bộ lọc màu                                                    Ban đêm (Night Mode)'}","{'Độ phân giải:': '8 MP', 'Tính năng:': 'Xóa phôngTrôi nhanh thời gian (Time Lapse)Quay video HDQuay video Full HDLàm đẹpHDRFlash màn hìnhChụp hẹn giờ                                                    Bộ lọc màu'}",Android 13,MediaTek Helio G85 8 nhân,6 GB,128 GB,5000 mAh,2 Nano SIM,HD+ (720 x 1600 Pixels),3.290.000₫,https://www.thegioididong.com/dtdd/xiaomi-redmi-13c-6gb
OPPO A17K,"6.56"" - Tần số quét 60 Hz",IPS LCD,"{'Độ phân giải:': '8 MP', 'Quay phim:': 'HD 720p@30fpsFullHD 1080p@30fps', 'Đèn Flash:': 'Có', 'Tính năng:': 'Zoom kỹ thuật sốTrôi nhanh thời gian (Time Lapse)Toàn cảnh (Panorama)Làm đẹpHDRChuyên nghiệp (Pro)Bộ lọc màu                                                    Ban đêm (Night Mode)AI Camera'}","{'Độ phân giải:': '5 MP', 'Tính năng:': 'Xóa phôngTrôi nhanh thời gian (Time Lapse)Toàn cảnh (Panorama)Quay video HDQuay video Full HDLàm đẹp A.I'}",Android 12,MediaTek Helio G35 8 nhân,3 GB,64 GB,5000 mAh,2 Nano SIM,HD+ (720 x 1612 Pixels),2.790.000₫,https://www.thegioididong.com/dtdd/oppo-a17k
vivo Y02T,"6.51"" - Tần số quét 60 Hz",IPS LCD,"{'Độ phân giải:': '8 MP', 'Quay phim:': 'HD 720p@30fpsFullHD 1080p@30fps', 'Đèn Flash:': 'Có', 'Tính năng:': 'Zoom kỹ thuật sốXóa phôngTrôi nhanh thời gian (Time Lapse)Toàn cảnh (Panorama)Quét tài liệu                                                    Làm đẹpLive Photo                                                    HDRChuyên nghiệp (Pro)Bộ lọc màu'}","{'Độ phân giải:': '5 MP', 'Tính năng:': 'Xóa phôngQuay video HDQuay video Full HDLàm đẹpHDRFlash màn hình'}",Android 13 (Go Edition),MediaTek Helio P35 8 nhân,4 GB,64 GB,5000 mAh,2 Nano SIM,HD+ (720 x 1600 Pixels),2.790.000₫ *,https://www.thegioididong.com/dtdd/vivo-y02t
realme C60,"6.74"" - Tần số quét 90 Hz",IPS LCD,"{'Độ phân giải:': 'Chính 13 MP & Phụ 0.08 MP', 'Quay phim:': 'HD 720p@30fpsFullHD 1080p@30fps480p@30fps', 'Đèn Flash:': 'Có', 'Tính năng:': 'Xóa phôngTrôi nhanh thời gian (Time Lapse)Toàn cảnh (Panorama)HDRChuyên nghiệp (Pro)Bộ lọc màu                                                    Ban đêm (Night Mode)'}","{'Độ phân giải:': '5 MP', 'Tính năng:': 'Xóa phôngLàm đẹpHDRBộ lọc màu'}",Android 13,Unisoc Tiger T612,4 GB,64 GB,5000 mAh,2 Nano SIM,HD+ (720 x 1600 Pixels),2.790.000₫,https://www.thegioididong.com/dtdd/realme-c60
Samsung Galaxy A04 (4GB/64GB),"6.5"" - Tần số quét 60 Hz",IPS LCD,"{'Độ phân giải:': 'Chính 50 MP & Phụ 2 MP', 'Quay phim:': 'HD 720p@30fpsFullHD 1080p@30fps', 'Đèn Flash:': 'Có', 'Tính năng:': 'Zoom kỹ thuật sốXóa phôngTrôi nhanh thời gian (Time Lapse)Toàn cảnh (Panorama)Làm đẹpHDRChuyên nghiệp (Pro)Bộ lọc màu'}","{'Độ phân giải:': '5 MP', 'Tính năng:': 'Xóa phôngQuay video HDQuay video Full HDLàm đẹpBộ lọc màu'}",Android 12,MediaTek Helio P35 8 nhân,4 GB,64 GB,5000 mAh,2 Nano SIM,HD+ (720 x 1600 Pixels),2.690.000₫,https://www.thegioididong.com/dtdd/samsung-galaxy-a04-4gb-64gb
Samsung Galaxy A04s,"6.5"" - Tần số quét 90 Hz",IPS LCD,"{'Độ phân giải:': 'Chính 50 MP & Phụ 2 MP, 2 MP', 'Quay phim:': 'HD 720p@30fpsFullHD 1080p@30fps', 'Đèn Flash:': 'Có', 'Tính năng:': 'Zoom kỹ thuật sốXóa phôngTự động lấy nét (AF)Toàn cảnh (Panorama)Siêu độ phân giảiSiêu cận (Macro)Làm đẹpHDRChuyên nghiệp (Pro)Bộ lọc màu'}","{'Độ phân giải:': '5 MP', 'Tính năng:': 'Xóa phôngQuay video HDQuay video Full HDLàm đẹpGóc rộng (Wide)Flash màn hìnhBộ lọc màu'}",Android 12,Exynos 850 8 nhân,4 GB,64 GB,5000 mAh,2 Nano SIM,HD+ (720 x 1600 Pixels),,https://www.thegioididong.com/dtdd/samsung-galaxy-a04s
Xiaomi Redmi A2 series,"6.52"" - Tần số quét 60 Hz",IPS LCD,"{'Độ phân giải:': 'Chính 8 MP & Phụ QVGA (248 x 328 Pixels)', 'Quay phim:': 'HD 720p@30fpsFullHD 1080p@30fps', 'Đèn Flash:': 'Có', 'Tính năng:': 'Zoom kỹ thuật sốXóa phôngTrôi nhanh thời gian (Time Lapse)HDRAI Camera'}","{'Độ phân giải:': '5 MP', 'Tính năng:': 'Xóa phôngTrôi nhanh thời gian (Time Lapse)Quay video HDQuay video Full HDLàm đẹpHDR'}",Android 13 (Go Edition),MediaTek Helio G36 8 nhân,2 GB,32 GB,5000 mAh,2 Nano SIM,HD+ (720 x 1600 Pixels),1.990.000₫,https://www.thegioididong.com/dtdd/xiaomi-redmi-a2
Itel L6502,"6.52"" - Tần số quét Hãng không công bố",IPS LCD,"{'Độ phân giải:': 'Chính 8 MP & Phụ VGA, VGA', 'Quay phim:': 'HD 720p@24fps', 'Đèn Flash:': 'Có', 'Tính năng:': 'Zoom kỹ thuật sốTự động lấy nét (AF)Làm đẹp (Beautify)HDRChạm lấy nét'}",{'Độ phân giải:': '5 MP'},Android 10 (Go Edition),Spreadtrum SC9832E 4 nhân,3 GB,32 GB,4000 mAh,2 Nano SIM,HD+ (720 x 1600 Pixels),1.690.000₫,https://www.thegioididong.com/dtdd/itel-l6502
Nokia 8210 4G,"2.8""",,"{'Độ phân giải:': '0.3 MP', 'Quay phim:': 'VGA'}",,Series 30+,Unisoc T107,48 MB,128 MB,1450 mAh,2 Nano SIM,QVGA (240 x 320 Pixels),1.590.000₫,https://www.thegioididong.com/dtdd/nokia-8210-4g
Nokia 215 4G,"2.4""",TFT LCD,,,Series 30+,Unisoc UMS9117,64 MB,128 MB,1150 mAh,2 Nano SIM,QVGA (240 x 320 Pixels),990.000₫,https://www.thegioididong.com/dtdd/nokia-215
Mobell F309 4G,"2.31""",TFT LCD,{'Độ phân giải:': '0.08 MP'},,,Unisoc T107,48 MB,128 MB,1600 mAh,2 Nano SIM,QVGA (240 x 320 Pixels),760.000₫,https://www.thegioididong.com/dtdd/mobell-f309
Nokia 110 4G Pro,"1.77""",IPS LCD,{'Độ phân giải:': 'QVGA (320 x 240 pixels)'},,Series 30+,Unisoc T107,48 MB,128 MB,1450 mAh,2 Nano SIM,QQVGA (120 x 160 Pixels),720.000₫,https://www.thegioididong.com/dtdd/nokia-110-4g-pro
Masstel FAMI 60 4G,"2""",TFT LCD,,,,Unisoc UIS8910,16 MB,24 MB,2000 mAh,2 Nano SIM,QVGA (176 x 220 Pixels),700.000₫,https://www.thegioididong.com/dtdd/masstel-fami-60
Mobell Rock 4 4G,"2.4""",TFT LCD,,,,Unisoc T107,48 MB,128 MB,3250 mAh,2 Nano SIM,QVGA (240 x 320 Pixels),690.000₫,https://www.thegioididong.com/dtdd/mobell-rock-4
Nokia 105 4G Pro,"1.77""",IPS LCD,,,Series 30+,Unisoc T107,48 MB,128 MB,1450 mAh,2 Nano SIM,QQVGA (120 x 160 Pixels),680.000₫,https://www.thegioididong.com/dtdd/nokia-105-4g-pro
Nokia 105,"1.8""",TFT LCD,,,Series 30+,Unisoc T107,48 MB,128 MB,1020 mAh,2 Nano SIM,QQVGA (120 x 160 Pixels),650.000₫,https://www.thegioididong.com/dtdd/nokia-105-4g
Mobell M539 4G,"2.8""",TFT LCD,"{'Độ phân giải:': '0.08 MP', 'Quay phim:': 'Có quay phim'}",,,Unisoc T107,48 MB,128 MB,2000 mAh,2 Nano SIM,QVGA (240 x 320 Pixels),640.000₫,https://www.thegioididong.com/dtdd/mobell-m539
Mobell F209 4G,"2""",TFT LCD,,,,Unisoc T107,48 MB,128 MB,1500 mAh,2 Nano SIM,QVGA (176 x 220 Pixels),620.000₫,https://www.thegioididong.com/dtdd/mobell-f209
Itel it9210,"2.4""",LCD,"{'Độ phân giải:': '0.3 MP', 'Quay phim:': 'Có quay phim', 'Đèn Flash:': 'Có'}",,,,64 MB,128 MB,1900 mAh,2 Micro SIM,QVGA (240 x 320 Pixels),550.000₫,https://www.thegioididong.com/dtdd/itel-it9210
Masstel Lux 20,"2.4""",TFT LCD,,,,Unisoc T107,48 MB,128 MB,1800 mAh,2 Nano SIM,QVGA (240 x 320 Pixels),500.000₫,https://www.thegioididong.com/dtdd/masstel-lux-20
Masstel Lux 10,"2.4""",TFT LCD,,,,Unisoc T107,48 MB,128 MB,1400 mAh,2 Nano SIM,QVGA (240 x 320 Pixels),500.000₫,https://www.thegioididong.com/dtdd/masstel-lux-10
Mobell M331 4G,"2.4""",TFT LCD,{'Độ phân giải:': '0.8 MP'},,,Unisoc T107,48 MB,128 MB,1000 mAh,2 Nano SIM,QVGA (240 x 320 Pixels),500.000₫,https://www.thegioididong.com/dtdd/mobell-m331
Masstel IZI 26,"2.4""",TFT LCD,,,,Unisoc T107,48 MB,128 MB,1800 mAh,2 Nano SIM,QVGA (240 x 320 Pixels),450.000₫,https://www.thegioididong.com/dtdd/masstel-izi-26
Itel it9010,"1.77""",LCD,{'Độ phân giải:': '0.08 MP'},,,,48 MB,128 MB,1000 mAh,2 Micro SIM,QQVGA (128 x 160 Pixels),420.000₫,https://www.thegioididong.com/dtdd/itel-it9010
Masstel IZI 10 4G,"1.77""",TFT LCD,,,,Unisoc UMS9117,48 MB,128 MB,1000 mAh,2 Nano SIM,QQVGA (128 x 160 Pixels),400.000₫,https://www.thegioididong.com/dtdd/masstel-izi-10
Mobell M239,"1.77""",TFT LCD,"{'Độ phân giải:': '8 MP', 'Quay phim:': 'Có quay phim'}",,,Unisoc UMS9117-L,48 MB,128 MB,1000 mAh,2 Nano SIM,QQVGA (128 x 160 Pixels),390.000₫,https://www.thegioididong.com/dtdd/mobell-m239
Xiaomi Redmi A3,"6.71"" - Tần số quét 90 Hz",IPS LCD,"{'Độ phân giải:': 'Chính 8 MP & Phụ 0.08 MP', 'Quay phim:': 'HD 720p@30fpsFullHD 1080p@30fps', 'Đèn Flash:': 'Có', 'Tính năng:': 'Zoom kỹ thuật sốXóa phôngTrôi nhanh thời gian (Time Lapse)HDRAI Camera'}","{'Độ phân giải:': '5 MP', 'Tính năng:': 'Xóa phôngTrôi nhanh thời gian (Time Lapse)Quay video Full HDLàm đẹpFlash màn hình'}",Android 14,MediaTek Helio G36 8 nhân,3 GB,64 GB,5000 mAh,2 Nano SIM,HD+ (720 x 1650 Pixels),,https://www.thegioididong.com/dtdd/xiaomi-redmi-a3
